pincode,district_name,state_name,serviceable,city_name,city_lat,city_long
110001,Central Delhi,DELHI,1,Delhi,28.7040592,77.10249019999999
110002,Central Delhi,DELHI,1,Delhi,28.7040592,77.10249019999999
110003,Central Delhi,DELHI,1,Delhi,28.7040592,77.10249019999999
110004,Central Delhi,DELHI,1,Delhi,28.7040592,77.10249019999999
110005,Central Delhi,DELHI,1,Delhi,28.7040592,77.10249019999999
110006,Central Delhi,DELHI,1,Delhi,28.7040592,77.10249019999999
110007,North Delhi,DELHI,1,Delhi,28.7040592,77.10249019999999
110008,Central Delhi,DELHI,1,Delhi,28.7040592,77.10249019999999
110009,North West Delhi,DELHI,1,Delhi,28.7040592,77.10249019999999
110010,South West Delhi,DELHI,1,Delhi,28.7040592,77.10249019999999
110011,Central Delhi,DELHI,1,Delhi,28.7040592,77.10249019999999
110012,Central Delhi,DELHI,1,Delhi,28.7040592,77.10249019999999
110013,South Delhi,DELHI,1,Delhi,28.7040592,77.10249019999999
110014,South Delhi,DELHI,1,Delhi,28.7040592,77.10249019999999
110015,West Delhi,DELHI,1,Delhi,28.7040592,77.10249019999999
110016,South West Delhi,DELHI,1,Delhi,28.7040592,77.10249019999999
110017,South Delhi,DELHI,1,Delhi,28.7040592,77.10249019999999
110018,West Delhi,DELHI,1,Delhi,28.7040592,77.10249019999999
110019,South Delhi,DELHI,1,Delhi,28.7040592,77.10249019999999
110020,South Delhi,DELHI,1,Delhi,28.7040592,77.10249019999999
110021,South West Delhi,DELHI,1,Delhi,28.7040592,77.10249019999999
110022,South West Delhi,DELHI,1,Delhi,28.7040592,77.10249019999999
110023,South West Delhi,DELHI,1,Delhi,28.7040592,77.10249019999999
110024,South Delhi,DELHI,1,Delhi,28.7040592,77.10249019999999
110025,South Delhi,DELHI,1,Delhi,28.7040592,77.10249019999999
110026,West Delhi,DELHI,1,Delhi,28.7040592,77.10249019999999
110027,West Delhi,DELHI,1,Delhi,28.7040592,77.10249019999999
110028,South West Delhi,DELHI,1,Delhi,28.7040592,77.10249019999999
110029,South West Delhi,DELHI,1,Delhi,28.7040592,77.10249019999999
110030,South West Delhi,DELHI,1,Delhi,28.7040592,77.10249019999999
110031,East Delhi,DELHI,1,Delhi,28.7040592,77.10249019999999
110032,East Delhi,DELHI,1,Delhi,28.7040592,77.10249019999999
110033,North West Delhi,DELHI,1,Delhi,28.7040592,77.10249019999999
110034,North West Delhi,DELHI,1,Delhi,28.7040592,77.10249019999999
110035,North West Delhi,DELHI,1,Delhi,28.7040592,77.10249019999999
110036,North West Delhi,DELHI,1,Delhi,28.7040592,77.10249019999999
110037,South West Delhi,DELHI,1,Delhi,28.7040592,77.10249019999999
110038,South West Delhi,DELHI,1,Delhi,28.7040592,77.10249019999999
110039,North West Delhi,DELHI,1,Delhi,28.7040592,77.10249019999999
110040,North West Delhi,DELHI,1,Delhi,28.7040592,77.10249019999999
110041,West Delhi,DELHI,1,Delhi,28.7040592,77.10249019999999
110042,North West Delhi,DELHI,1,Delhi,28.7040592,77.10249019999999
110043,South West Delhi,DELHI,1,Delhi,28.7040592,77.10249019999999
110044,South Delhi,DELHI,1,Delhi,28.7040592,77.10249019999999
110045,South West Delhi,DELHI,1,Delhi,28.7040592,77.10249019999999
110046,South West Delhi,DELHI,1,Delhi,28.7040592,77.10249019999999
110047,South West Delhi,DELHI,1,Delhi,28.7040592,77.10249019999999
110048,South Delhi,DELHI,1,Delhi,28.7040592,77.10249019999999
110049,South Delhi,DELHI,1,Delhi,28.7040592,77.10249019999999
110050,South Delhi,DELHI,1,Delhi,28.7040592,77.10249019999999
110051,East Delhi,DELHI,1,Delhi,28.7040592,77.10249019999999
110052,North West Delhi,DELHI,1,Delhi,28.7040592,77.10249019999999
110053,East Delhi,DELHI,1,Delhi,28.7040592,77.10249019999999
110054,North Delhi,DELHI,1,Delhi,28.7040592,77.10249019999999
110055,Central Delhi,DELHI,1,Delhi,28.7040592,77.10249019999999
110056,North West Delhi,DELHI,1,Delhi,28.7040592,77.10249019999999
110057,South West Delhi,DELHI,1,Delhi,28.7040592,77.10249019999999
110058,West Delhi,DELHI,1,Delhi,28.7040592,77.10249019999999
110059,West Delhi,DELHI,1,Delhi,28.7040592,77.10249019999999
110060,Central Delhi,DELHI,1,Delhi,28.7040592,77.10249019999999
110061,South West Delhi,DELHI,1,Delhi,28.7040592,77.10249019999999
110062,South Delhi,DELHI,1,Delhi,28.7040592,77.10249019999999
110063,West Delhi,DELHI,1,Delhi,28.7040592,77.10249019999999
110064,South West Delhi,DELHI,1,Delhi,28.7040592,77.10249019999999
110065,South Delhi,DELHI,1,Delhi,28.7040592,77.10249019999999
110066,South West Delhi,DELHI,1,Delhi,28.7040592,77.10249019999999
110067,South West Delhi,DELHI,1,Delhi,28.7040592,77.10249019999999
110068,South West Delhi,DELHI,1,Delhi,28.7040592,77.10249019999999
110069,Central Delhi,DELHI,1,Delhi,28.7040592,77.10249019999999
110070,South West Delhi,DELHI,1,Delhi,28.7040592,77.10249019999999
110071,South West Delhi,DELHI,1,Delhi,28.7040592,77.10249019999999
110072,South West Delhi,DELHI,1,Delhi,28.7040592,77.10249019999999
110073,South West Delhi,DELHI,1,Delhi,28.7040592,77.10249019999999
110074,South West Delhi,DELHI,1,Delhi,28.7040592,77.10249019999999
110075,South West Delhi,DELHI,1,Delhi,28.7040592,77.10249019999999
110076,South Delhi,DELHI,1,Delhi,28.7040592,77.10249019999999
110077,South West Delhi,DELHI,1,Delhi,28.7040592,77.10249019999999
110078,South West Delhi,DELHI,1,Delhi,28.7040592,77.10249019999999
110080,South Delhi,DELHI,1,Delhi,28.7040592,77.10249019999999
110081,North West Delhi,DELHI,1,Delhi,28.7040592,77.10249019999999
110082,North West Delhi,DELHI,1,Delhi,28.7040592,77.10249019999999
110083,North West Delhi,DELHI,1,Delhi,28.7040592,77.10249019999999
110084,North Delhi,DELHI,1,Delhi,28.7040592,77.10249019999999
110085,North West Delhi,DELHI,1,Delhi,28.7040592,77.10249019999999
110086,North West Delhi,DELHI,1,Delhi,28.7040592,77.10249019999999
110087,West Delhi,DELHI,1,Delhi,28.7040592,77.10249019999999
110088,North West Delhi,DELHI,1,Delhi,28.7040592,77.10249019999999
110089,North West Delhi,DELHI,1,Delhi,28.7040592,77.10249019999999
110090,East Delhi,DELHI,1,Delhi,28.7040592,77.10249019999999
110091,East Delhi,DELHI,1,Delhi,28.7040592,77.10249019999999
110092,East Delhi,DELHI,1,Delhi,28.7040592,77.10249019999999
110093,North East Delhi,DELHI,1,Delhi,28.7040592,77.10249019999999
110094,East Delhi,DELHI,1,Delhi,28.7040592,77.10249019999999
110095,East Delhi,DELHI,1,Delhi,28.7040592,77.10249019999999
110096,East Delhi,DELHI,1,Delhi,28.7040592,77.10249019999999
110097,South West Delhi,DELHI,1,Delhi,28.7040592,77.10249019999999
110098,New Delhi,DELHI,1,Delhi,28.7040592,77.10249019999999
110100,Central Delhi,DELHI,1,Delhi,28.7040592,77.10249019999999
120022,Gurgaon,HARYANA,1,Gurgaon,28.4594965,77.0266383
122001,Gurgaon,HARYANA,1,Gurgaon,28.4594965,77.0266383
122002,Gurgaon,HARYANA,1,Gurgaon,28.4594965,77.0266383
122003,Gurgaon,HARYANA,1,Gurgaon,28.4594965,77.0266383
122004,Gurgaon,HARYANA,1,Gurgaon,28.4594965,77.0266383
122005,Gurgaon,HARYANA,1,Gurgaon,28.4594965,77.0266383
122006,Gurgaon,HARYANA,1,Gurgaon,28.4594965,77.0266383
122007,Gurgaon,HARYANA,1,Gurgaon,28.4594965,77.0266383
122008,Gurgaon,HARYANA,1,Gurgaon,28.4594965,77.0266383
122009,Gurgaon,HARYANA,1,Gurgaon,28.4594965,77.0266383
122010,Gurgaon,HARYANA,1,Gurgaon,28.4594965,77.0266383
122011,Gurgaon,HARYANA,1,Gurgaon,28.4594965,77.0266383
122012,Gurgaon,HARYANA,1,Gurgaon,28.4594965,77.0266383
122015,Gurgaon,HARYANA,1,Gurgaon,28.4594965,77.0266383
122016,Gurgaon,HARYANA,1,Gurgaon,28.4594965,77.0266383
122017,Gurgaon,HARYANA,1,Gurgaon,28.4594965,77.0266383
122018,Gurgaon,HARYANA,1,Gurgaon,28.4594965,77.0266383
122022,Gurgaon,HARYANA,1,Gurgaon,28.4594965,77.0266383
122050,Gurgaon,HARYANA,1,Gurgaon,28.4594965,77.0266383
122051,Gurgaon,HARYANA,1,Gurgaon,28.4594965,77.0266383
122052,Gurgaon,HARYANA,1,Gurgaon,28.4594965,77.0266383
122101,Gurgaon,HARYANA,1,Gurgaon,28.4594965,77.0266383
122102,Gurgaon,HARYANA,1,Gurgaon,28.4594965,77.0266383
122103,Gurgaon,HARYANA,1,Gurgaon,28.4594965,77.0266383
122104,Gurgaon,HARYANA,1,Gurgaon,28.4594965,77.0266383
122105,Gurgaon,HARYANA,1,Gurgaon,28.4594965,77.0266383
122107,Gurgaon,HARYANA,1,Gurgaon,28.4594965,77.0266383
122108,Gurgaon,HARYANA,1,Gurgaon,28.4594965,77.0266383
122413,Gurgaon,HARYANA,1,Gurgaon,28.4594965,77.0266383
122414,Gurgaon,HARYANA,1,Gurgaon,28.4594965,77.0266383
122502,Gurgaon,HARYANA,1,Gurgaon,28.4594965,77.0266383
122503,Gurgaon,HARYANA,1,Gurgaon,28.4594965,77.0266383
122504,Gurgaon,HARYANA,1,Gurgaon,28.4594965,77.0266383
122505,Gurgaon,HARYANA,1,Gurgaon,28.4594965,77.0266383
122506,Gurgaon,HARYANA,1,Gurgaon,28.4594965,77.0266383
122508,Gurgaon,HARYANA,1,Gurgaon,28.4594965,77.0266383
123106,Gurgaon,HARYANA,1,Gurgaon,28.4594965,77.0266383
123413,Gurgaon,HARYANA,1,Gurgaon,28.4594965,77.0266383
121001,Faridabad,HARYANA,1,Faridabad,28.4089123,77.3177894
121002,Faridabad,HARYANA,1,Faridabad,28.4089123,77.3177894
121003,Faridabad,HARYANA,1,Faridabad,28.4089123,77.3177894
121004,Faridabad,HARYANA,1,Faridabad,28.4089123,77.3177894
121005,Faridabad,HARYANA,1,Faridabad,28.4089123,77.3177894
121006,Faridabad,HARYANA,1,Faridabad,28.4089123,77.3177894
121007,Faridabad,HARYANA,1,Faridabad,28.4089123,77.3177894
121008,Faridabad,HARYANA,1,Faridabad,28.4089123,77.3177894
121009,Faridabad,HARYANA,1,Faridabad,28.4089123,77.3177894
121010,Faridabad,HARYANA,1,Faridabad,28.4089123,77.3177894
121012,Faridabad,HARYANA,1,Faridabad,28.4089123,77.3177894
121013,Faridabad,HARYANA,1,Faridabad,28.4089123,77.3177894
121014,Faridabad,HARYANA,1,Faridabad,28.4089123,77.3177894
121015,Faridabad,HARYANA,1,Faridabad,28.4089123,77.3177894
121101,Faridabad,HARYANA,1,Faridabad,28.4089123,77.3177894
121102,Faridabad,HARYANA,1,Faridabad,28.4089123,77.3177894
121103,Faridabad,HARYANA,1,Faridabad,28.4089123,77.3177894
121105,Faridabad,HARYANA,1,Faridabad,28.4089123,77.3177894
121106,Faridabad,HARYANA,1,Faridabad,28.4089123,77.3177894
121107,Faridabad,HARYANA,1,Faridabad,28.4089123,77.3177894
133301,Panchkula,HARYANA,1,Panchkula,30.6942091,76.860565
133302,Panchkula,HARYANA,1,Panchkula,30.6942091,76.860565
134101,Panchkula,HARYANA,1,Panchkula,30.6942091,76.860565
134102,Panchkula,HARYANA,1,Panchkula,30.6942091,76.860565
134103,Panchkula,HARYANA,1,Panchkula,30.6942091,76.860565
134104,Panchkula,HARYANA,1,Panchkula,30.6942091,76.860565
134105,Panchkula,HARYANA,1,Panchkula,30.6942091,76.860565
134107,Panchkula,HARYANA,1,Panchkula,30.6942091,76.860565
134108,Panchkula,HARYANA,1,Panchkula,30.6942091,76.860565
134109,Panchkula,HARYANA,1,Panchkula,30.6942091,76.860565
134112,Panchkula,HARYANA,1,Panchkula,30.6942091,76.860565
134113,Panchkula,HARYANA,1,Panchkula,30.6942091,76.860565
134114,Panchkula,HARYANA,1,Panchkula,30.6942091,76.860565
134116,Panchkula,HARYANA,1,Panchkula,30.6942091,76.860565
134117,Panchkula,HARYANA,1,Panchkula,30.6942091,76.860565
134118,Panchkula,HARYANA,1,Panchkula,30.6942091,76.860565
134204,Panchkula,HARYANA,1,Panchkula,30.6942091,76.860565
134205,Panchkula,HARYANA,1,Panchkula,30.6942091,76.860565
140103,Mohali,PUNJAB,1,Mohali,30.7046486,76.71787259999999
140109,Mohali,PUNJAB,1,Mohali,30.7046486,76.71787259999999
140110,Mohali,PUNJAB,1,Mohali,30.7046486,76.71787259999999
140112,Mohali,PUNJAB,1,Mohali,30.7046486,76.71787259999999
140413,Mohali,PUNJAB,1,Mohali,30.7046486,76.71787259999999
140501,Mohali,PUNJAB,1,Mohali,30.7046486,76.71787259999999
140507,Mohali,PUNJAB,1,Mohali,30.7046486,76.71787259999999
140604,Mohali,PUNJAB,1,Mohali,30.7046486,76.71787259999999
140901,Mohali,PUNJAB,1,Mohali,30.7046486,76.71787259999999
160059,Mohali,PUNJAB,1,Mohali,30.7046486,76.71787259999999
160062,Mohali,PUNJAB,1,Mohali,30.7046486,76.71787259999999
160071,Mohali,PUNJAB,1,Mohali,30.7046486,76.71787259999999
160103,Mohali,PUNJAB,1,Mohali,30.7046486,76.71787259999999
160104,Mohali,PUNJAB,1,Mohali,30.7046486,76.71787259999999
140119,Chandigarh,CHANDIGARH,1,Chandigarh,30.7333148,76.7794179
140125,Chandigarh,CHANDIGARH,1,Chandigarh,30.7333148,76.7794179
140133,Chandigarh,CHANDIGARH,1,Chandigarh,30.7333148,76.7794179
140603,Chandigarh,CHANDIGARH,1,Chandigarh,30.7333148,76.7794179
160001,Chandigarh,CHANDIGARH,1,Chandigarh,30.7333148,76.7794179
160002,Chandigarh,CHANDIGARH,1,Chandigarh,30.7333148,76.7794179
160003,Chandigarh,CHANDIGARH,1,Chandigarh,30.7333148,76.7794179
160004,Chandigarh,CHANDIGARH,1,Chandigarh,30.7333148,76.7794179
160005,Chandigarh,CHANDIGARH,1,Chandigarh,30.7333148,76.7794179
160009,Chandigarh,CHANDIGARH,1,Chandigarh,30.7333148,76.7794179
160011,Chandigarh,CHANDIGARH,1,Chandigarh,30.7333148,76.7794179
160012,Chandigarh,CHANDIGARH,1,Chandigarh,30.7333148,76.7794179
160014,Chandigarh,CHANDIGARH,1,Chandigarh,30.7333148,76.7794179
160015,Chandigarh,CHANDIGARH,1,Chandigarh,30.7333148,76.7794179
160016,Chandigarh,CHANDIGARH,1,Chandigarh,30.7333148,76.7794179
160017,Chandigarh,CHANDIGARH,1,Chandigarh,30.7333148,76.7794179
160018,Chandigarh,CHANDIGARH,1,Chandigarh,30.7333148,76.7794179
160019,Chandigarh,CHANDIGARH,1,Chandigarh,30.7333148,76.7794179
160020,Chandigarh,CHANDIGARH,1,Chandigarh,30.7333148,76.7794179
160022,Chandigarh,CHANDIGARH,1,Chandigarh,30.7333148,76.7794179
160023,Chandigarh,CHANDIGARH,1,Chandigarh,30.7333148,76.7794179
160025,Chandigarh,CHANDIGARH,1,Chandigarh,30.7333148,76.7794179
160030,Chandigarh,CHANDIGARH,1,Chandigarh,30.7333148,76.7794179
160036,Chandigarh,CHANDIGARH,1,Chandigarh,30.7333148,76.7794179
160039,Chandigarh,CHANDIGARH,1,Chandigarh,30.7333148,76.7794179
160043,Chandigarh,CHANDIGARH,1,Chandigarh,30.7333148,76.7794179
160047,Chandigarh,CHANDIGARH,1,Chandigarh,30.7333148,76.7794179
160101,Chandigarh,CHANDIGARH,1,Chandigarh,30.7333148,76.7794179
160102,Chandigarh,CHANDIGARH,1,Chandigarh,30.7333148,76.7794179
201001,Ghaziabad,UTTAR PRADESH,1,Ghaziabad,28.6691565,77.45375779999999
201002,Ghaziabad,UTTAR PRADESH,1,Ghaziabad,28.6691565,77.45375779999999
201003,Ghaziabad,UTTAR PRADESH,1,Ghaziabad,28.6691565,77.45375779999999
201004,Ghaziabad,UTTAR PRADESH,1,Ghaziabad,28.6691565,77.45375779999999
201005,Ghaziabad,UTTAR PRADESH,1,Ghaziabad,28.6691565,77.45375779999999
201006,Ghaziabad,UTTAR PRADESH,1,Ghaziabad,28.6691565,77.45375779999999
201007,Ghaziabad,UTTAR PRADESH,1,Ghaziabad,28.6691565,77.45375779999999
201009,Ghaziabad,UTTAR PRADESH,1,Ghaziabad,28.6691565,77.45375779999999
201010,Ghaziabad,UTTAR PRADESH,1,Ghaziabad,28.6691565,77.45375779999999
201011,Ghaziabad,UTTAR PRADESH,1,Ghaziabad,28.6691565,77.45375779999999
201012,Ghaziabad,UTTAR PRADESH,1,Ghaziabad,28.6691565,77.45375779999999
201013,Ghaziabad,UTTAR PRADESH,1,Ghaziabad,28.6691565,77.45375779999999
201014,Ghaziabad,UTTAR PRADESH,1,Ghaziabad,28.6691565,77.45375779999999
201015,Ghaziabad,UTTAR PRADESH,1,Ghaziabad,28.6691565,77.45375779999999
201016,Ghaziabad,UTTAR PRADESH,1,Ghaziabad,28.6691565,77.45375779999999
201017,Ghaziabad,UTTAR PRADESH,1,Ghaziabad,28.6691565,77.45375779999999
201019,Ghaziabad,UTTAR PRADESH,1,Ghaziabad,28.6691565,77.45375779999999
201020,Ghaziabad,UTTAR PRADESH,1,Ghaziabad,28.6691565,77.45375779999999
201102,Ghaziabad,UTTAR PRADESH,1,Ghaziabad,28.6691565,77.45375779999999
201103,Ghaziabad,UTTAR PRADESH,1,Ghaziabad,28.6691565,77.45375779999999
201201,Ghaziabad,UTTAR PRADESH,1,Ghaziabad,28.6691565,77.45375779999999
201204,Ghaziabad,UTTAR PRADESH,1,Ghaziabad,28.6691565,77.45375779999999
201206,Ghaziabad,UTTAR PRADESH,1,Ghaziabad,28.6691565,77.45375779999999
201302,Ghaziabad,UTTAR PRADESH,1,Ghaziabad,28.6691565,77.45375779999999
245101,Ghaziabad,UTTAR PRADESH,1,Ghaziabad,28.6691565,77.45375779999999
245201,Ghaziabad,UTTAR PRADESH,1,Ghaziabad,28.6691565,77.45375779999999
245205,Ghaziabad,UTTAR PRADESH,1,Ghaziabad,28.6691565,77.45375779999999
245207,Ghaziabad,UTTAR PRADESH,1,Ghaziabad,28.6691565,77.45375779999999
245208,Ghaziabad,UTTAR PRADESH,1,Ghaziabad,28.6691565,77.45375779999999
245301,Ghaziabad,UTTAR PRADESH,1,Ghaziabad,28.6691565,77.45375779999999
245304,Ghaziabad,UTTAR PRADESH,1,Ghaziabad,28.6691565,77.45375779999999
201008,Gautam Buddha Nagar,UTTAR PRADESH,1,Noida,28.5355161,77.3910265
201301,Gautam Buddha Nagar,UTTAR PRADESH,1,Noida,28.5355161,77.3910265
201303,Gautam Buddha Nagar,UTTAR PRADESH,1,Noida,28.5355161,77.3910265
201304,Gautam Buddha Nagar,UTTAR PRADESH,1,Noida,28.5355161,77.3910265
201305,Gautam Buddha Nagar,UTTAR PRADESH,1,Noida,28.5355161,77.3910265
201306,Gautam Buddha Nagar,UTTAR PRADESH,1,Noida,28.5355161,77.3910265
201307,Gautam Buddha Nagar,UTTAR PRADESH,1,Noida,28.5355161,77.3910265
201308,Gautam Buddha Nagar,UTTAR PRADESH,1,Noida,28.5355161,77.3910265
201309,Gautam Buddha Nagar,UTTAR PRADESH,1,Noida,28.5355161,77.3910265
201310,Gautam Buddha Nagar,UTTAR PRADESH,1,Noida,28.5355161,77.3910265
201311,Gautam Buddha Nagar,UTTAR PRADESH,1,Noida,28.5355161,77.3910265
201312,Gautam Buddha Nagar,UTTAR PRADESH,1,Noida,28.5355161,77.3910265
201313,Gautam Buddha Nagar,UTTAR PRADESH,1,Noida,28.5355161,77.3910265
201314,Gautam Buddha Nagar,UTTAR PRADESH,1,Noida,28.5355161,77.3910265
201315,Gautam Buddha Nagar,UTTAR PRADESH,1,Noida,28.5355161,77.3910265
203135,Gautam Buddha Nagar,UTTAR PRADESH,1,Noida,28.5355161,77.3910265
203141,Gautam Buddha Nagar,UTTAR PRADESH,1,Noida,28.5355161,77.3910265
203201,Gautam Buddha Nagar,UTTAR PRADESH,1,Noida,28.5355161,77.3910265
203203,Gautam Buddha Nagar,UTTAR PRADESH,1,Noida,28.5355161,77.3910265
203207,Gautam Buddha Nagar,UTTAR PRADESH,1,Noida,28.5355161,77.3910265
203209,Gautam Buddha Nagar,UTTAR PRADESH,1,Noida,28.5355161,77.3910265
302001,Jaipur,RAJASTHAN,1,Jaipur,26.9124336,75.7872709
302002,Jaipur,RAJASTHAN,1,Jaipur,26.9124336,75.7872709
302003,Jaipur,RAJASTHAN,1,Jaipur,26.9124336,75.7872709
302004,Jaipur,RAJASTHAN,1,Jaipur,26.9124336,75.7872709
302005,Jaipur,RAJASTHAN,1,Jaipur,26.9124336,75.7872709
302006,Jaipur,RAJASTHAN,1,Jaipur,26.9124336,75.7872709
302012,Jaipur,RAJASTHAN,1,Jaipur,26.9124336,75.7872709
302013,Jaipur,RAJASTHAN,1,Jaipur,26.9124336,75.7872709
302015,Jaipur,RAJASTHAN,1,Jaipur,26.9124336,75.7872709
302016,Jaipur,RAJASTHAN,1,Jaipur,26.9124336,75.7872709
302017,Jaipur,RAJASTHAN,1,Jaipur,26.9124336,75.7872709
302018,Jaipur,RAJASTHAN,1,Jaipur,26.9124336,75.7872709
302019,Jaipur,RAJASTHAN,1,Jaipur,26.9124336,75.7872709
302020,Jaipur,RAJASTHAN,1,Jaipur,26.9124336,75.7872709
302021,Jaipur,RAJASTHAN,1,Jaipur,26.9124336,75.7872709
302022,Jaipur,RAJASTHAN,1,Jaipur,26.9124336,75.7872709
302024,Jaipur,RAJASTHAN,1,Jaipur,26.9124336,75.7872709
302026,Jaipur,RAJASTHAN,1,Jaipur,26.9124336,75.7872709
302027,Jaipur,RAJASTHAN,1,Jaipur,26.9124336,75.7872709
302028,Jaipur,RAJASTHAN,1,Jaipur,26.9124336,75.7872709
302029,Jaipur,RAJASTHAN,1,Jaipur,26.9124336,75.7872709
302031,Jaipur,RAJASTHAN,1,Jaipur,26.9124336,75.7872709
302032,Jaipur,RAJASTHAN,1,Jaipur,26.9124336,75.7872709
302033,Jaipur,RAJASTHAN,1,Jaipur,26.9124336,75.7872709
302034,Jaipur,RAJASTHAN,1,Jaipur,26.9124336,75.7872709
302036,Jaipur,RAJASTHAN,1,Jaipur,26.9124336,75.7872709
302037,Jaipur,RAJASTHAN,1,Jaipur,26.9124336,75.7872709
302038,Jaipur,RAJASTHAN,1,Jaipur,26.9124336,75.7872709
302039,Jaipur,RAJASTHAN,1,Jaipur,26.9124336,75.7872709
302040,Jaipur,RAJASTHAN,1,Jaipur,26.9124336,75.7872709
302041,Jaipur,RAJASTHAN,1,Jaipur,26.9124336,75.7872709
302042,Jaipur,RAJASTHAN,1,Jaipur,26.9124336,75.7872709
302043,Jaipur,RAJASTHAN,1,Jaipur,26.9124336,75.7872709
303001,Jaipur,RAJASTHAN,1,Jaipur,26.9124336,75.7872709
303002,Jaipur,RAJASTHAN,1,Jaipur,26.9124336,75.7872709
303003,Jaipur,RAJASTHAN,1,Jaipur,26.9124336,75.7872709
303005,Jaipur,RAJASTHAN,1,Jaipur,26.9124336,75.7872709
303006,Jaipur,RAJASTHAN,1,Jaipur,26.9124336,75.7872709
303007,Jaipur,RAJASTHAN,1,Jaipur,26.9124336,75.7872709
303008,Jaipur,RAJASTHAN,1,Jaipur,26.9124336,75.7872709
303009,Jaipur,RAJASTHAN,1,Jaipur,26.9124336,75.7872709
303012,Jaipur,RAJASTHAN,1,Jaipur,26.9124336,75.7872709
303102,Jaipur,RAJASTHAN,1,Jaipur,26.9124336,75.7872709
303103,Jaipur,RAJASTHAN,1,Jaipur,26.9124336,75.7872709
303104,Jaipur,RAJASTHAN,1,Jaipur,26.9124336,75.7872709
303105,Jaipur,RAJASTHAN,1,Jaipur,26.9124336,75.7872709
303106,Jaipur,RAJASTHAN,1,Jaipur,26.9124336,75.7872709
303107,Jaipur,RAJASTHAN,1,Jaipur,26.9124336,75.7872709
303108,Jaipur,RAJASTHAN,1,Jaipur,26.9124336,75.7872709
303109,Jaipur,RAJASTHAN,1,Jaipur,26.9124336,75.7872709
303110,Jaipur,RAJASTHAN,1,Jaipur,26.9124336,75.7872709
303119,Jaipur,RAJASTHAN,1,Jaipur,26.9124336,75.7872709
303120,Jaipur,RAJASTHAN,1,Jaipur,26.9124336,75.7872709
303121,Jaipur,RAJASTHAN,1,Jaipur,26.9124336,75.7872709
303122,Jaipur,RAJASTHAN,1,Jaipur,26.9124336,75.7872709
303123,Jaipur,RAJASTHAN,1,Jaipur,26.9124336,75.7872709
303301,Jaipur,RAJASTHAN,1,Jaipur,26.9124336,75.7872709
303302,Jaipur,RAJASTHAN,1,Jaipur,26.9124336,75.7872709
303305,Jaipur,RAJASTHAN,1,Jaipur,26.9124336,75.7872709
303328,Jaipur,RAJASTHAN,1,Jaipur,26.9124336,75.7872709
303329,Jaipur,RAJASTHAN,1,Jaipur,26.9124336,75.7872709
303338,Jaipur,RAJASTHAN,1,Jaipur,26.9124336,75.7872709
303348,Jaipur,RAJASTHAN,1,Jaipur,26.9124336,75.7872709
303601,Jaipur,RAJASTHAN,1,Jaipur,26.9124336,75.7872709
303602,Jaipur,RAJASTHAN,1,Jaipur,26.9124336,75.7872709
303603,Jaipur,RAJASTHAN,1,Jaipur,26.9124336,75.7872709
303604,Jaipur,RAJASTHAN,1,Jaipur,26.9124336,75.7872709
303701,Jaipur,RAJASTHAN,1,Jaipur,26.9124336,75.7872709
303702,Jaipur,RAJASTHAN,1,Jaipur,26.9124336,75.7872709
303704,Jaipur,RAJASTHAN,1,Jaipur,26.9124336,75.7872709
303706,Jaipur,RAJASTHAN,1,Jaipur,26.9124336,75.7872709
303712,Jaipur,RAJASTHAN,1,Jaipur,26.9124336,75.7872709
303801,Jaipur,RAJASTHAN,1,Jaipur,26.9124336,75.7872709
303803,Jaipur,RAJASTHAN,1,Jaipur,26.9124336,75.7872709
303804,Jaipur,RAJASTHAN,1,Jaipur,26.9124336,75.7872709
303805,Jaipur,RAJASTHAN,1,Jaipur,26.9124336,75.7872709
303806,Jaipur,RAJASTHAN,1,Jaipur,26.9124336,75.7872709
303807,Jaipur,RAJASTHAN,1,Jaipur,26.9124336,75.7872709
303901,Jaipur,RAJASTHAN,1,Jaipur,26.9124336,75.7872709
303903,Jaipur,RAJASTHAN,1,Jaipur,26.9124336,75.7872709
303904,Jaipur,RAJASTHAN,1,Jaipur,26.9124336,75.7872709
303905,Jaipur,RAJASTHAN,1,Jaipur,26.9124336,75.7872709
303908,Jaipur,RAJASTHAN,1,Jaipur,26.9124336,75.7872709
380001,Ahmedabad,GUJARAT,1,Ahmedabad,23.022505,72.5713621
380002,Ahmedabad,GUJARAT,1,Ahmedabad,23.022505,72.5713621
380003,Ahmedabad,GUJARAT,1,Ahmedabad,23.022505,72.5713621
380004,Ahmedabad,GUJARAT,1,Ahmedabad,23.022505,72.5713621
380005,Ahmedabad,GUJARAT,1,Ahmedabad,23.022505,72.5713621
380006,Ahmedabad,GUJARAT,1,Ahmedabad,23.022505,72.5713621
380007,Ahmedabad,GUJARAT,1,Ahmedabad,23.022505,72.5713621
380008,Ahmedabad,GUJARAT,1,Ahmedabad,23.022505,72.5713621
380009,Ahmedabad,GUJARAT,1,Ahmedabad,23.022505,72.5713621
380013,Ahmedabad,GUJARAT,1,Ahmedabad,23.022505,72.5713621
380014,Ahmedabad,GUJARAT,1,Ahmedabad,23.022505,72.5713621
380015,Ahmedabad,GUJARAT,1,Ahmedabad,23.022505,72.5713621
380016,Ahmedabad,GUJARAT,1,Ahmedabad,23.022505,72.5713621
380018,Ahmedabad,GUJARAT,1,Ahmedabad,23.022505,72.5713621
380019,Ahmedabad,GUJARAT,1,Ahmedabad,23.022505,72.5713621
380021,Ahmedabad,GUJARAT,1,Ahmedabad,23.022505,72.5713621
380022,Ahmedabad,GUJARAT,1,Ahmedabad,23.022505,72.5713621
380023,Ahmedabad,GUJARAT,1,Ahmedabad,23.022505,72.5713621
380024,Ahmedabad,GUJARAT,1,Ahmedabad,23.022505,72.5713621
380025,Ahmedabad,GUJARAT,1,Ahmedabad,23.022505,72.5713621
380026,Ahmedabad,GUJARAT,1,Ahmedabad,23.022505,72.5713621
380027,Ahmedabad,GUJARAT,1,Ahmedabad,23.022505,72.5713621
380028,Ahmedabad,GUJARAT,1,Ahmedabad,23.022505,72.5713621
380049,Ahmedabad,GUJARAT,1,Ahmedabad,23.022505,72.5713621
380050,Ahmedabad,GUJARAT,1,Ahmedabad,23.022505,72.5713621
380051,Ahmedabad,GUJARAT,1,Ahmedabad,23.022505,72.5713621
380052,Ahmedabad,GUJARAT,1,Ahmedabad,23.022505,72.5713621
380054,Ahmedabad,GUJARAT,1,Ahmedabad,23.022505,72.5713621
380055,Ahmedabad,GUJARAT,1,Ahmedabad,23.022505,72.5713621
380058,Ahmedabad,GUJARAT,1,Ahmedabad,23.022505,72.5713621
380059,Ahmedabad,GUJARAT,1,Ahmedabad,23.022505,72.5713621
380060,Ahmedabad,GUJARAT,1,Ahmedabad,23.022505,72.5713621
380061,Ahmedabad,GUJARAT,1,Ahmedabad,23.022505,72.5713621
380063,Ahmedabad,GUJARAT,1,Ahmedabad,23.022505,72.5713621
382110,Ahmedabad,GUJARAT,1,Ahmedabad,23.022505,72.5713621
382115,Ahmedabad,GUJARAT,1,Ahmedabad,23.022505,72.5713621
382120,Ahmedabad,GUJARAT,1,Ahmedabad,23.022505,72.5713621
382130,Ahmedabad,GUJARAT,1,Ahmedabad,23.022505,72.5713621
382140,Ahmedabad,GUJARAT,1,Ahmedabad,23.022505,72.5713621
382145,Ahmedabad,GUJARAT,1,Ahmedabad,23.022505,72.5713621
382150,Ahmedabad,GUJARAT,1,Ahmedabad,23.022505,72.5713621
382170,Ahmedabad,GUJARAT,1,Ahmedabad,23.022505,72.5713621
382210,Ahmedabad,GUJARAT,1,Ahmedabad,23.022505,72.5713621
382213,Ahmedabad,GUJARAT,1,Ahmedabad,23.022505,72.5713621
382220,Ahmedabad,GUJARAT,1,Ahmedabad,23.022505,72.5713621
382225,Ahmedabad,GUJARAT,1,Ahmedabad,23.022505,72.5713621
382230,Ahmedabad,GUJARAT,1,Ahmedabad,23.022505,72.5713621
382240,Ahmedabad,GUJARAT,1,Ahmedabad,23.022505,72.5713621
382245,Ahmedabad,GUJARAT,1,Ahmedabad,23.022505,72.5713621
382250,Ahmedabad,GUJARAT,1,Ahmedabad,23.022505,72.5713621
382255,Ahmedabad,GUJARAT,1,Ahmedabad,23.022505,72.5713621
382260,Ahmedabad,GUJARAT,1,Ahmedabad,23.022505,72.5713621
382265,Ahmedabad,GUJARAT,1,Ahmedabad,23.022505,72.5713621
382330,Ahmedabad,GUJARAT,1,Ahmedabad,23.022505,72.5713621
382340,Ahmedabad,GUJARAT,1,Ahmedabad,23.022505,72.5713621
382345,Ahmedabad,GUJARAT,1,Ahmedabad,23.022505,72.5713621
382350,Ahmedabad,GUJARAT,1,Ahmedabad,23.022505,72.5713621
382405,Ahmedabad,GUJARAT,1,Ahmedabad,23.022505,72.5713621
382415,Ahmedabad,GUJARAT,1,Ahmedabad,23.022505,72.5713621
382418,Ahmedabad,GUJARAT,1,Ahmedabad,23.022505,72.5713621
382424,Ahmedabad,GUJARAT,1,Ahmedabad,23.022505,72.5713621
382425,Ahmedabad,GUJARAT,1,Ahmedabad,23.022505,72.5713621
382427,Ahmedabad,GUJARAT,1,Ahmedabad,23.022505,72.5713621
382430,Ahmedabad,GUJARAT,1,Ahmedabad,23.022505,72.5713621
382435,Ahmedabad,GUJARAT,1,Ahmedabad,23.022505,72.5713621
382440,Ahmedabad,GUJARAT,1,Ahmedabad,23.022505,72.5713621
382443,Ahmedabad,GUJARAT,1,Ahmedabad,23.022505,72.5713621
382445,Ahmedabad,GUJARAT,1,Ahmedabad,23.022505,72.5713621
382449,Ahmedabad,GUJARAT,1,Ahmedabad,23.022505,72.5713621
382450,Ahmedabad,GUJARAT,1,Ahmedabad,23.022505,72.5713621
382455,Ahmedabad,GUJARAT,1,Ahmedabad,23.022505,72.5713621
382460,Ahmedabad,GUJARAT,1,Ahmedabad,23.022505,72.5713621
382463,Ahmedabad,GUJARAT,1,Ahmedabad,23.022505,72.5713621
382465,Ahmedabad,GUJARAT,1,Ahmedabad,23.022505,72.5713621
382470,Ahmedabad,GUJARAT,1,Ahmedabad,23.022505,72.5713621
382475,Ahmedabad,GUJARAT,1,Ahmedabad,23.022505,72.5713621
382480,Ahmedabad,GUJARAT,1,Ahmedabad,23.022505,72.5713621
382481,Ahmedabad,GUJARAT,1,Ahmedabad,23.022505,72.5713621
382006,Gandhi Nagar,GUJARAT,1,Gandhi Nagar,23.2156354,72.63694149999999
382007,Gandhi Nagar,GUJARAT,1,Gandhi Nagar,23.2156354,72.63694149999999
382009,Gandhi Nagar,GUJARAT,1,Gandhi Nagar,23.2156354,72.63694149999999
382010,Gandhi Nagar,GUJARAT,1,Gandhi Nagar,23.2156354,72.63694149999999
382016,Gandhi Nagar,GUJARAT,1,Gandhi Nagar,23.2156354,72.63694149999999
382021,Gandhi Nagar,GUJARAT,1,Gandhi Nagar,23.2156354,72.63694149999999
382024,Gandhi Nagar,GUJARAT,1,Gandhi Nagar,23.2156354,72.63694149999999
382028,Gandhi Nagar,GUJARAT,1,Gandhi Nagar,23.2156354,72.63694149999999
382030,Gandhi Nagar,GUJARAT,1,Gandhi Nagar,23.2156354,72.63694149999999
382041,Gandhi Nagar,GUJARAT,1,Gandhi Nagar,23.2156354,72.63694149999999
382042,Gandhi Nagar,GUJARAT,1,Gandhi Nagar,23.2156354,72.63694149999999
382045,Gandhi Nagar,GUJARAT,1,Gandhi Nagar,23.2156354,72.63694149999999
382305,Gandhi Nagar,GUJARAT,1,Gandhi Nagar,23.2156354,72.63694149999999
382308,Gandhi Nagar,GUJARAT,1,Gandhi Nagar,23.2156354,72.63694149999999
382315,Gandhi Nagar,GUJARAT,1,Gandhi Nagar,23.2156354,72.63694149999999
382320,Gandhi Nagar,GUJARAT,1,Gandhi Nagar,23.2156354,72.63694149999999
382321,Gandhi Nagar,GUJARAT,1,Gandhi Nagar,23.2156354,72.63694149999999
382355,Gandhi Nagar,GUJARAT,1,Gandhi Nagar,23.2156354,72.63694149999999
382421,Gandhi Nagar,GUJARAT,1,Gandhi Nagar,23.2156354,72.63694149999999
382422,Gandhi Nagar,GUJARAT,1,Gandhi Nagar,23.2156354,72.63694149999999
382423,Gandhi Nagar,GUJARAT,1,Gandhi Nagar,23.2156354,72.63694149999999
382426,Gandhi Nagar,GUJARAT,1,Gandhi Nagar,23.2156354,72.63694149999999
382428,Gandhi Nagar,GUJARAT,1,Gandhi Nagar,23.2156354,72.63694149999999
382433,Gandhi Nagar,GUJARAT,1,Gandhi Nagar,23.2156354,72.63694149999999
382610,Gandhi Nagar,GUJARAT,1,Gandhi Nagar,23.2156354,72.63694149999999
382620,Gandhi Nagar,GUJARAT,1,Gandhi Nagar,23.2156354,72.63694149999999
382630,Gandhi Nagar,GUJARAT,1,Gandhi Nagar,23.2156354,72.63694149999999
382640,Gandhi Nagar,GUJARAT,1,Gandhi Nagar,23.2156354,72.63694149999999
382650,Gandhi Nagar,GUJARAT,1,Gandhi Nagar,23.2156354,72.63694149999999
382721,Gandhi Nagar,GUJARAT,1,Gandhi Nagar,23.2156354,72.63694149999999
382725,Gandhi Nagar,GUJARAT,1,Gandhi Nagar,23.2156354,72.63694149999999
382729,Gandhi Nagar,GUJARAT,1,Gandhi Nagar,23.2156354,72.63694149999999
382735,Gandhi Nagar,GUJARAT,1,Gandhi Nagar,23.2156354,72.63694149999999
382740,Gandhi Nagar,GUJARAT,1,Gandhi Nagar,23.2156354,72.63694149999999
382810,Gandhi Nagar,GUJARAT,1,Gandhi Nagar,23.2156354,72.63694149999999
382835,Gandhi Nagar,GUJARAT,1,Gandhi Nagar,23.2156354,72.63694149999999
382845,Gandhi Nagar,GUJARAT,1,Gandhi Nagar,23.2156354,72.63694149999999
382855,Gandhi Nagar,GUJARAT,1,Gandhi Nagar,23.2156354,72.63694149999999
400001,Mumbai,MAHARASHTRA,1,Mumbai,19.0759837,72.8776559
400002,Mumbai,MAHARASHTRA,1,Mumbai,19.0759837,72.8776559
400003,Mumbai,MAHARASHTRA,1,Mumbai,19.0759837,72.8776559
400004,Mumbai,MAHARASHTRA,1,Mumbai,19.0759837,72.8776559
400005,Mumbai,MAHARASHTRA,1,Mumbai,19.0759837,72.8776559
400006,Mumbai,MAHARASHTRA,1,Mumbai,19.0759837,72.8776559
400007,Mumbai,MAHARASHTRA,1,Mumbai,19.0759837,72.8776559
400008,Mumbai,MAHARASHTRA,1,Mumbai,19.0759837,72.8776559
400009,Mumbai,MAHARASHTRA,1,Mumbai,19.0759837,72.8776559
400010,Mumbai,MAHARASHTRA,1,Mumbai,19.0759837,72.8776559
400011,Mumbai,MAHARASHTRA,1,Mumbai,19.0759837,72.8776559
400012,Mumbai,MAHARASHTRA,1,Mumbai,19.0759837,72.8776559
400013,Mumbai,MAHARASHTRA,1,Mumbai,19.0759837,72.8776559
400014,Mumbai,MAHARASHTRA,1,Mumbai,19.0759837,72.8776559
400015,Mumbai,MAHARASHTRA,1,Mumbai,19.0759837,72.8776559
400016,Mumbai,MAHARASHTRA,1,Mumbai,19.0759837,72.8776559
400017,Mumbai,MAHARASHTRA,1,Mumbai,19.0759837,72.8776559
400018,Mumbai,MAHARASHTRA,1,Mumbai,19.0759837,72.8776559
400019,Mumbai,MAHARASHTRA,1,Mumbai,19.0759837,72.8776559
400020,Mumbai,MAHARASHTRA,1,Mumbai,19.0759837,72.8776559
400021,Mumbai,MAHARASHTRA,1,Mumbai,19.0759837,72.8776559
400022,Mumbai,MAHARASHTRA,1,Mumbai,19.0759837,72.8776559
400023,Mumbai,MAHARASHTRA,1,Mumbai,19.0759837,72.8776559
400024,Mumbai,MAHARASHTRA,1,Mumbai,19.0759837,72.8776559
400025,Mumbai,MAHARASHTRA,1,Mumbai,19.0759837,72.8776559
400026,Mumbai,MAHARASHTRA,1,Mumbai,19.0759837,72.8776559
400027,Mumbai,MAHARASHTRA,1,Mumbai,19.0759837,72.8776559
400028,Mumbai,MAHARASHTRA,1,Mumbai,19.0759837,72.8776559
400029,Mumbai,MAHARASHTRA,1,Mumbai,19.0759837,72.8776559
400030,Mumbai,MAHARASHTRA,1,Mumbai,19.0759837,72.8776559
400031,Mumbai,MAHARASHTRA,1,Mumbai,19.0759837,72.8776559
400032,Mumbai,MAHARASHTRA,1,Mumbai,19.0759837,72.8776559
400033,Mumbai,MAHARASHTRA,1,Mumbai,19.0759837,72.8776559
400034,Mumbai,MAHARASHTRA,1,Mumbai,19.0759837,72.8776559
400035,Mumbai,MAHARASHTRA,1,Mumbai,19.0759837,72.8776559
400036,Mumbai,MAHARASHTRA,1,Mumbai,19.0759837,72.8776559
400037,Mumbai,MAHARASHTRA,1,Mumbai,19.0759837,72.8776559
400038,Mumbai,MAHARASHTRA,1,Mumbai,19.0759837,72.8776559
400039,Mumbai,MAHARASHTRA,1,Mumbai,19.0759837,72.8776559
400042,Mumbai,MAHARASHTRA,1,Mumbai,19.0759837,72.8776559
400043,Mumbai,MAHARASHTRA,1,Mumbai,19.0759837,72.8776559
400049,Mumbai,MAHARASHTRA,1,Mumbai,19.0759837,72.8776559
400050,Mumbai,MAHARASHTRA,1,Mumbai,19.0759837,72.8776559
400051,Mumbai,MAHARASHTRA,1,Mumbai,19.0759837,72.8776559
400052,Mumbai,MAHARASHTRA,1,Mumbai,19.0759837,72.8776559
400053,Mumbai,MAHARASHTRA,1,Mumbai,19.0759837,72.8776559
400054,Mumbai,MAHARASHTRA,1,Mumbai,19.0759837,72.8776559
400055,Mumbai,MAHARASHTRA,1,Mumbai,19.0759837,72.8776559
400056,Mumbai,MAHARASHTRA,1,Mumbai,19.0759837,72.8776559
400057,Mumbai,MAHARASHTRA,1,Mumbai,19.0759837,72.8776559
400058,Mumbai,MAHARASHTRA,1,Mumbai,19.0759837,72.8776559
400059,Mumbai,MAHARASHTRA,1,Mumbai,19.0759837,72.8776559
400060,Mumbai,MAHARASHTRA,1,Mumbai,19.0759837,72.8776559
400061,Mumbai,MAHARASHTRA,1,Mumbai,19.0759837,72.8776559
400062,Mumbai,MAHARASHTRA,1,Mumbai,19.0759837,72.8776559
400063,Mumbai,MAHARASHTRA,1,Mumbai,19.0759837,72.8776559
400064,Mumbai,MAHARASHTRA,1,Mumbai,19.0759837,72.8776559
400065,Mumbai,MAHARASHTRA,1,Mumbai,19.0759837,72.8776559
400066,Mumbai,MAHARASHTRA,1,Mumbai,19.0759837,72.8776559
400067,Mumbai,MAHARASHTRA,1,Mumbai,19.0759837,72.8776559
400068,Mumbai,MAHARASHTRA,1,Mumbai,19.0759837,72.8776559
400069,Mumbai,MAHARASHTRA,1,Mumbai,19.0759837,72.8776559
400070,Mumbai,MAHARASHTRA,1,Mumbai,19.0759837,72.8776559
400071,Mumbai,MAHARASHTRA,1,Mumbai,19.0759837,72.8776559
400072,Mumbai,MAHARASHTRA,1,Mumbai,19.0759837,72.8776559
400074,Mumbai,MAHARASHTRA,1,Mumbai,19.0759837,72.8776559
400075,Mumbai,MAHARASHTRA,1,Mumbai,19.0759837,72.8776559
400076,Mumbai,MAHARASHTRA,1,Mumbai,19.0759837,72.8776559
400077,Mumbai,MAHARASHTRA,1,Mumbai,19.0759837,72.8776559
400078,Mumbai,MAHARASHTRA,1,Mumbai,19.0759837,72.8776559
400079,Mumbai,MAHARASHTRA,1,Mumbai,19.0759837,72.8776559
400080,Mumbai,MAHARASHTRA,1,Mumbai,19.0759837,72.8776559
400081,Mumbai,MAHARASHTRA,1,Mumbai,19.0759837,72.8776559
400082,Mumbai,MAHARASHTRA,1,Mumbai,19.0759837,72.8776559
400083,Mumbai,MAHARASHTRA,1,Mumbai,19.0759837,72.8776559
400084,Mumbai,MAHARASHTRA,1,Mumbai,19.0759837,72.8776559
400085,Mumbai,MAHARASHTRA,1,Mumbai,19.0759837,72.8776559
400086,Mumbai,MAHARASHTRA,1,Mumbai,19.0759837,72.8776559
400087,Mumbai,MAHARASHTRA,1,Mumbai,19.0759837,72.8776559
400088,Mumbai,MAHARASHTRA,1,Mumbai,19.0759837,72.8776559
400089,Mumbai,MAHARASHTRA,1,Mumbai,19.0759837,72.8776559
400090,Mumbai,MAHARASHTRA,1,Mumbai,19.0759837,72.8776559
400091,Mumbai,MAHARASHTRA,1,Mumbai,19.0759837,72.8776559
400092,Mumbai,MAHARASHTRA,1,Mumbai,19.0759837,72.8776559
400093,Mumbai,MAHARASHTRA,1,Mumbai,19.0759837,72.8776559
400094,Mumbai,MAHARASHTRA,1,Mumbai,19.0759837,72.8776559
400095,Mumbai,MAHARASHTRA,1,Mumbai,19.0759837,72.8776559
400096,Mumbai,MAHARASHTRA,1,Mumbai,19.0759837,72.8776559
400097,Mumbai,MAHARASHTRA,1,Mumbai,19.0759837,72.8776559
400098,Mumbai,MAHARASHTRA,1,Mumbai,19.0759837,72.8776559
400099,Mumbai,MAHARASHTRA,1,Mumbai,19.0759837,72.8776559
400101,Mumbai,MAHARASHTRA,1,Mumbai,19.0759837,72.8776559
400102,Mumbai,MAHARASHTRA,1,Mumbai,19.0759837,72.8776559
400103,Mumbai,MAHARASHTRA,1,Mumbai,19.0759837,72.8776559
400104,Mumbai,MAHARASHTRA,1,Mumbai,19.0759837,72.8776559
400601,Thane,MAHARASHTRA,1,Thane,19.2183307,72.9780897
400602,Thane,MAHARASHTRA,1,Thane,19.2183307,72.9780897
400603,Thane,MAHARASHTRA,1,Thane,19.2183307,72.9780897
400604,Thane,MAHARASHTRA,1,Thane,19.2183307,72.9780897
400605,Thane,MAHARASHTRA,1,Thane,19.2183307,72.9780897
400606,Thane,MAHARASHTRA,1,Thane,19.2183307,72.9780897
400607,Thane,MAHARASHTRA,1,Thane,19.2183307,72.9780897
400608,Thane,MAHARASHTRA,1,Thane,19.2183307,72.9780897
400610,Thane,MAHARASHTRA,1,Thane,19.2183307,72.9780897
400612,Thane,MAHARASHTRA,1,Thane,19.2183307,72.9780897
400614,Thane,MAHARASHTRA,1,Thane,19.2183307,72.9780897
400615,Thane,MAHARASHTRA,1,Thane,19.2183307,72.9780897
400701,Thane,MAHARASHTRA,1,Thane,19.2183307,72.9780897
400703,Thane,MAHARASHTRA,1,Thane,19.2183307,72.9780897
400705,Thane,MAHARASHTRA,1,Thane,19.2183307,72.9780897
400706,Thane,MAHARASHTRA,1,Thane,19.2183307,72.9780897
400708,Thane,MAHARASHTRA,1,Thane,19.2183307,72.9780897
400709,Thane,MAHARASHTRA,1,Thane,19.2183307,72.9780897
400710,Thane,MAHARASHTRA,1,Thane,19.2183307,72.9780897
401101,Thane,MAHARASHTRA,1,Thane,19.2183307,72.9780897
401102,Thane,MAHARASHTRA,1,Thane,19.2183307,72.9780897
401103,Thane,MAHARASHTRA,1,Thane,19.2183307,72.9780897
401104,Thane,MAHARASHTRA,1,Thane,19.2183307,72.9780897
401105,Thane,MAHARASHTRA,1,Thane,19.2183307,72.9780897
401106,Thane,MAHARASHTRA,1,Thane,19.2183307,72.9780897
401107,Thane,MAHARASHTRA,1,Thane,19.2183307,72.9780897
401201,Thane,MAHARASHTRA,1,Thane,19.2183307,72.9780897
401202,Thane,MAHARASHTRA,1,Thane,19.2183307,72.9780897
401203,Thane,MAHARASHTRA,1,Thane,19.2183307,72.9780897
401204,Thane,MAHARASHTRA,1,Thane,19.2183307,72.9780897
401206,Thane,MAHARASHTRA,1,Thane,19.2183307,72.9780897
401207,Thane,MAHARASHTRA,1,Thane,19.2183307,72.9780897
401208,Thane,MAHARASHTRA,1,Thane,19.2183307,72.9780897
401209,Thane,MAHARASHTRA,1,Thane,19.2183307,72.9780897
401301,Thane,MAHARASHTRA,1,Thane,19.2183307,72.9780897
401302,Thane,MAHARASHTRA,1,Thane,19.2183307,72.9780897
401303,Thane,MAHARASHTRA,1,Thane,19.2183307,72.9780897
401304,Thane,MAHARASHTRA,1,Thane,19.2183307,72.9780897
401305,Thane,MAHARASHTRA,1,Thane,19.2183307,72.9780897
401401,Thane,MAHARASHTRA,1,Thane,19.2183307,72.9780897
401402,Thane,MAHARASHTRA,1,Thane,19.2183307,72.9780897
401403,Thane,MAHARASHTRA,1,Thane,19.2183307,72.9780897
401404,Thane,MAHARASHTRA,1,Thane,19.2183307,72.9780897
401405,Thane,MAHARASHTRA,1,Thane,19.2183307,72.9780897
401501,Thane,MAHARASHTRA,1,Thane,19.2183307,72.9780897
401502,Thane,MAHARASHTRA,1,Thane,19.2183307,72.9780897
401503,Thane,MAHARASHTRA,1,Thane,19.2183307,72.9780897
401504,Thane,MAHARASHTRA,1,Thane,19.2183307,72.9780897
401506,Thane,MAHARASHTRA,1,Thane,19.2183307,72.9780897
401601,Thane,MAHARASHTRA,1,Thane,19.2183307,72.9780897
401602,Thane,MAHARASHTRA,1,Thane,19.2183307,72.9780897
401603,Thane,MAHARASHTRA,1,Thane,19.2183307,72.9780897
401604,Thane,MAHARASHTRA,1,Thane,19.2183307,72.9780897
401605,Thane,MAHARASHTRA,1,Thane,19.2183307,72.9780897
401606,Thane,MAHARASHTRA,1,Thane,19.2183307,72.9780897
401607,Thane,MAHARASHTRA,1,Thane,19.2183307,72.9780897
401608,Thane,MAHARASHTRA,1,Thane,19.2183307,72.9780897
401609,Thane,MAHARASHTRA,1,Thane,19.2183307,72.9780897
401610,Thane,MAHARASHTRA,1,Thane,19.2183307,72.9780897
401701,Thane,MAHARASHTRA,1,Thane,19.2183307,72.9780897
401702,Thane,MAHARASHTRA,1,Thane,19.2183307,72.9780897
401703,Thane,MAHARASHTRA,1,Thane,19.2183307,72.9780897
421001,Thane,MAHARASHTRA,1,Thane,19.2183307,72.9780897
421002,Thane,MAHARASHTRA,1,Thane,19.2183307,72.9780897
421004,Thane,MAHARASHTRA,1,Thane,19.2183307,72.9780897
421005,Thane,MAHARASHTRA,1,Thane,19.2183307,72.9780897
421101,Thane,MAHARASHTRA,1,Thane,19.2183307,72.9780897
421102,Thane,MAHARASHTRA,1,Thane,19.2183307,72.9780897
421103,Thane,MAHARASHTRA,1,Thane,19.2183307,72.9780897
421201,Thane,MAHARASHTRA,1,Thane,19.2183307,72.9780897
421202,Thane,MAHARASHTRA,1,Thane,19.2183307,72.9780897
421203,Thane,MAHARASHTRA,1,Thane,19.2183307,72.9780897
421204,Thane,MAHARASHTRA,1,Thane,19.2183307,72.9780897
421301,Thane,MAHARASHTRA,1,Thane,19.2183307,72.9780897
421302,Thane,MAHARASHTRA,1,Thane,19.2183307,72.9780897
421303,Thane,MAHARASHTRA,1,Thane,19.2183307,72.9780897
421305,Thane,MAHARASHTRA,1,Thane,19.2183307,72.9780897
421306,Thane,MAHARASHTRA,1,Thane,19.2183307,72.9780897
421308,Thane,MAHARASHTRA,1,Thane,19.2183307,72.9780897
421311,Thane,MAHARASHTRA,1,Thane,19.2183307,72.9780897
421312,Thane,MAHARASHTRA,1,Thane,19.2183307,72.9780897
421401,Thane,MAHARASHTRA,1,Thane,19.2183307,72.9780897
421402,Thane,MAHARASHTRA,1,Thane,19.2183307,72.9780897
421403,Thane,MAHARASHTRA,1,Thane,19.2183307,72.9780897
421501,Thane,MAHARASHTRA,1,Thane,19.2183307,72.9780897
421502,Thane,MAHARASHTRA,1,Thane,19.2183307,72.9780897
421503,Thane,MAHARASHTRA,1,Thane,19.2183307,72.9780897
421504,Thane,MAHARASHTRA,1,Thane,19.2183307,72.9780897
421505,Thane,MAHARASHTRA,1,Thane,19.2183307,72.9780897
421506,Thane,MAHARASHTRA,1,Thane,19.2183307,72.9780897
421601,Thane,MAHARASHTRA,1,Thane,19.2183307,72.9780897
421602,Thane,MAHARASHTRA,1,Thane,19.2183307,72.9780897
421603,Thane,MAHARASHTRA,1,Thane,19.2183307,72.9780897
421604,Thane,MAHARASHTRA,1,Thane,19.2183307,72.9780897
421605,Thane,MAHARASHTRA,1,Thane,19.2183307,72.9780897
410301,Pune,MAHARASHTRA,1,Pune,18.5204303,73.8567437
410302,Pune,MAHARASHTRA,1,Pune,18.5204303,73.8567437
410401,Pune,MAHARASHTRA,1,Pune,18.5204303,73.8567437
410402,Pune,MAHARASHTRA,1,Pune,18.5204303,73.8567437
410403,Pune,MAHARASHTRA,1,Pune,18.5204303,73.8567437
410405,Pune,MAHARASHTRA,1,Pune,18.5204303,73.8567437
410406,Pune,MAHARASHTRA,1,Pune,18.5204303,73.8567437
410501,Pune,MAHARASHTRA,1,Pune,18.5204303,73.8567437
410502,Pune,MAHARASHTRA,1,Pune,18.5204303,73.8567437
410503,Pune,MAHARASHTRA,1,Pune,18.5204303,73.8567437
410504,Pune,MAHARASHTRA,1,Pune,18.5204303,73.8567437
410505,Pune,MAHARASHTRA,1,Pune,18.5204303,73.8567437
410506,Pune,MAHARASHTRA,1,Pune,18.5204303,73.8567437
410507,Pune,MAHARASHTRA,1,Pune,18.5204303,73.8567437
410508,Pune,MAHARASHTRA,1,Pune,18.5204303,73.8567437
410509,Pune,MAHARASHTRA,1,Pune,18.5204303,73.8567437
410510,Pune,MAHARASHTRA,1,Pune,18.5204303,73.8567437
410511,Pune,MAHARASHTRA,1,Pune,18.5204303,73.8567437
410512,Pune,MAHARASHTRA,1,Pune,18.5204303,73.8567437
410513,Pune,MAHARASHTRA,1,Pune,18.5204303,73.8567437
410515,Pune,MAHARASHTRA,1,Pune,18.5204303,73.8567437
410516,Pune,MAHARASHTRA,1,Pune,18.5204303,73.8567437
411001,Pune,MAHARASHTRA,1,Pune,18.5204303,73.8567437
411002,Pune,MAHARASHTRA,1,Pune,18.5204303,73.8567437
411003,Pune,MAHARASHTRA,1,Pune,18.5204303,73.8567437
411004,Pune,MAHARASHTRA,1,Pune,18.5204303,73.8567437
411005,Pune,MAHARASHTRA,1,Pune,18.5204303,73.8567437
411006,Pune,MAHARASHTRA,1,Pune,18.5204303,73.8567437
411007,Pune,MAHARASHTRA,1,Pune,18.5204303,73.8567437
411008,Pune,MAHARASHTRA,1,Pune,18.5204303,73.8567437
411009,Pune,MAHARASHTRA,1,Pune,18.5204303,73.8567437
411011,Pune,MAHARASHTRA,1,Pune,18.5204303,73.8567437
411012,Pune,MAHARASHTRA,1,Pune,18.5204303,73.8567437
411013,Pune,MAHARASHTRA,1,Pune,18.5204303,73.8567437
411014,Pune,MAHARASHTRA,1,Pune,18.5204303,73.8567437
411015,Pune,MAHARASHTRA,1,Pune,18.5204303,73.8567437
411016,Pune,MAHARASHTRA,1,Pune,18.5204303,73.8567437
411017,Pune,MAHARASHTRA,1,Pune,18.5204303,73.8567437
411018,Pune,MAHARASHTRA,1,Pune,18.5204303,73.8567437
411019,Pune,MAHARASHTRA,1,Pune,18.5204303,73.8567437
411020,Pune,MAHARASHTRA,1,Pune,18.5204303,73.8567437
411021,Pune,MAHARASHTRA,1,Pune,18.5204303,73.8567437
411022,Pune,MAHARASHTRA,1,Pune,18.5204303,73.8567437
411023,Pune,MAHARASHTRA,1,Pune,18.5204303,73.8567437
411024,Pune,MAHARASHTRA,1,Pune,18.5204303,73.8567437
411025,Pune,MAHARASHTRA,1,Pune,18.5204303,73.8567437
411026,Pune,MAHARASHTRA,1,Pune,18.5204303,73.8567437
411027,Pune,MAHARASHTRA,1,Pune,18.5204303,73.8567437
411028,Pune,MAHARASHTRA,1,Pune,18.5204303,73.8567437
411030,Pune,MAHARASHTRA,1,Pune,18.5204303,73.8567437
411031,Pune,MAHARASHTRA,1,Pune,18.5204303,73.8567437
411032,Pune,MAHARASHTRA,1,Pune,18.5204303,73.8567437
411033,Pune,MAHARASHTRA,1,Pune,18.5204303,73.8567437
411034,Pune,MAHARASHTRA,1,Pune,18.5204303,73.8567437
411035,Pune,MAHARASHTRA,1,Pune,18.5204303,73.8567437
411036,Pune,MAHARASHTRA,1,Pune,18.5204303,73.8567437
411037,Pune,MAHARASHTRA,1,Pune,18.5204303,73.8567437
411038,Pune,MAHARASHTRA,1,Pune,18.5204303,73.8567437
411039,Pune,MAHARASHTRA,1,Pune,18.5204303,73.8567437
411040,Pune,MAHARASHTRA,1,Pune,18.5204303,73.8567437
411041,Pune,MAHARASHTRA,1,Pune,18.5204303,73.8567437
411042,Pune,MAHARASHTRA,1,Pune,18.5204303,73.8567437
411043,Pune,MAHARASHTRA,1,Pune,18.5204303,73.8567437
411044,Pune,MAHARASHTRA,1,Pune,18.5204303,73.8567437
411045,Pune,MAHARASHTRA,1,Pune,18.5204303,73.8567437
411046,Pune,MAHARASHTRA,1,Pune,18.5204303,73.8567437
411047,Pune,MAHARASHTRA,1,Pune,18.5204303,73.8567437
411048,Pune,MAHARASHTRA,1,Pune,18.5204303,73.8567437
411051,Pune,MAHARASHTRA,1,Pune,18.5204303,73.8567437
411052,Pune,MAHARASHTRA,1,Pune,18.5204303,73.8567437
411057,Pune,MAHARASHTRA,1,Pune,18.5204303,73.8567437
411058,Pune,MAHARASHTRA,1,Pune,18.5204303,73.8567437
411060,Pune,MAHARASHTRA,1,Pune,18.5204303,73.8567437
411061,Pune,MAHARASHTRA,1,Pune,18.5204303,73.8567437
411062,Pune,MAHARASHTRA,1,Pune,18.5204303,73.8567437
411067,Pune,MAHARASHTRA,1,Pune,18.5204303,73.8567437
411068,Pune,MAHARASHTRA,1,Pune,18.5204303,73.8567437
412101,Pune,MAHARASHTRA,1,Pune,18.5204303,73.8567437
412102,Pune,MAHARASHTRA,1,Pune,18.5204303,73.8567437
412103,Pune,MAHARASHTRA,1,Pune,18.5204303,73.8567437
412104,Pune,MAHARASHTRA,1,Pune,18.5204303,73.8567437
412105,Pune,MAHARASHTRA,1,Pune,18.5204303,73.8567437
412106,Pune,MAHARASHTRA,1,Pune,18.5204303,73.8567437
412107,Pune,MAHARASHTRA,1,Pune,18.5204303,73.8567437
412108,Pune,MAHARASHTRA,1,Pune,18.5204303,73.8567437
412109,Pune,MAHARASHTRA,1,Pune,18.5204303,73.8567437
412110,Pune,MAHARASHTRA,1,Pune,18.5204303,73.8567437
412112,Pune,MAHARASHTRA,1,Pune,18.5204303,73.8567437
412114,Pune,MAHARASHTRA,1,Pune,18.5204303,73.8567437
412115,Pune,MAHARASHTRA,1,Pune,18.5204303,73.8567437
412201,Pune,MAHARASHTRA,1,Pune,18.5204303,73.8567437
412202,Pune,MAHARASHTRA,1,Pune,18.5204303,73.8567437
412203,Pune,MAHARASHTRA,1,Pune,18.5204303,73.8567437
412204,Pune,MAHARASHTRA,1,Pune,18.5204303,73.8567437
412205,Pune,MAHARASHTRA,1,Pune,18.5204303,73.8567437
412207,Pune,MAHARASHTRA,1,Pune,18.5204303,73.8567437
412208,Pune,MAHARASHTRA,1,Pune,18.5204303,73.8567437
412209,Pune,MAHARASHTRA,1,Pune,18.5204303,73.8567437
412210,Pune,MAHARASHTRA,1,Pune,18.5204303,73.8567437
412211,Pune,MAHARASHTRA,1,Pune,18.5204303,73.8567437
412212,Pune,MAHARASHTRA,1,Pune,18.5204303,73.8567437
412213,Pune,MAHARASHTRA,1,Pune,18.5204303,73.8567437
412214,Pune,MAHARASHTRA,1,Pune,18.5204303,73.8567437
412215,Pune,MAHARASHTRA,1,Pune,18.5204303,73.8567437
412216,Pune,MAHARASHTRA,1,Pune,18.5204303,73.8567437
412218,Pune,MAHARASHTRA,1,Pune,18.5204303,73.8567437
412219,Pune,MAHARASHTRA,1,Pune,18.5204303,73.8567437
412220,Pune,MAHARASHTRA,1,Pune,18.5204303,73.8567437
412301,Pune,MAHARASHTRA,1,Pune,18.5204303,73.8567437
412303,Pune,MAHARASHTRA,1,Pune,18.5204303,73.8567437
412304,Pune,MAHARASHTRA,1,Pune,18.5204303,73.8567437
412305,Pune,MAHARASHTRA,1,Pune,18.5204303,73.8567437
412306,Pune,MAHARASHTRA,1,Pune,18.5204303,73.8567437
412307,Pune,MAHARASHTRA,1,Pune,18.5204303,73.8567437
412308,Pune,MAHARASHTRA,1,Pune,18.5204303,73.8567437
412311,Pune,MAHARASHTRA,1,Pune,18.5204303,73.8567437
412312,Pune,MAHARASHTRA,1,Pune,18.5204303,73.8567437
412401,Pune,MAHARASHTRA,1,Pune,18.5204303,73.8567437
412402,Pune,MAHARASHTRA,1,Pune,18.5204303,73.8567437
412403,Pune,MAHARASHTRA,1,Pune,18.5204303,73.8567437
412404,Pune,MAHARASHTRA,1,Pune,18.5204303,73.8567437
412405,Pune,MAHARASHTRA,1,Pune,18.5204303,73.8567437
412406,Pune,MAHARASHTRA,1,Pune,18.5204303,73.8567437
412408,Pune,MAHARASHTRA,1,Pune,18.5204303,73.8567437
412409,Pune,MAHARASHTRA,1,Pune,18.5204303,73.8567437
412410,Pune,MAHARASHTRA,1,Pune,18.5204303,73.8567437
412411,Pune,MAHARASHTRA,1,Pune,18.5204303,73.8567437
412412,Pune,MAHARASHTRA,1,Pune,18.5204303,73.8567437
413102,Pune,MAHARASHTRA,1,Pune,18.5204303,73.8567437
413103,Pune,MAHARASHTRA,1,Pune,18.5204303,73.8567437
413104,Pune,MAHARASHTRA,1,Pune,18.5204303,73.8567437
413105,Pune,MAHARASHTRA,1,Pune,18.5204303,73.8567437
413106,Pune,MAHARASHTRA,1,Pune,18.5204303,73.8567437
413110,Pune,MAHARASHTRA,1,Pune,18.5204303,73.8567437
413114,Pune,MAHARASHTRA,1,Pune,18.5204303,73.8567437
413115,Pune,MAHARASHTRA,1,Pune,18.5204303,73.8567437
413116,Pune,MAHARASHTRA,1,Pune,18.5204303,73.8567437
413120,Pune,MAHARASHTRA,1,Pune,18.5204303,73.8567437
413130,Pune,MAHARASHTRA,1,Pune,18.5204303,73.8567437
413132,Pune,MAHARASHTRA,1,Pune,18.5204303,73.8567437
413133,Pune,MAHARASHTRA,1,Pune,18.5204303,73.8567437
413801,Pune,MAHARASHTRA,1,Pune,18.5204303,73.8567437
413802,Pune,MAHARASHTRA,1,Pune,18.5204303,73.8567437
422001,Nashik,MAHARASHTRA,1,Nashik,19.9974533,73.78980229999999
422002,Nashik,MAHARASHTRA,1,Nashik,19.9974533,73.78980229999999
422003,Nashik,MAHARASHTRA,1,Nashik,19.9974533,73.78980229999999
422004,Nashik,MAHARASHTRA,1,Nashik,19.9974533,73.78980229999999
422005,Nashik,MAHARASHTRA,1,Nashik,19.9974533,73.78980229999999
422006,Nashik,MAHARASHTRA,1,Nashik,19.9974533,73.78980229999999
422007,Nashik,MAHARASHTRA,1,Nashik,19.9974533,73.78980229999999
422008,Nashik,MAHARASHTRA,1,Nashik,19.9974533,73.78980229999999
422009,Nashik,MAHARASHTRA,1,Nashik,19.9974533,73.78980229999999
422010,Nashik,MAHARASHTRA,1,Nashik,19.9974533,73.78980229999999
422011,Nashik,MAHARASHTRA,1,Nashik,19.9974533,73.78980229999999
422012,Nashik,MAHARASHTRA,1,Nashik,19.9974533,73.78980229999999
422013,Nashik,MAHARASHTRA,1,Nashik,19.9974533,73.78980229999999
422101,Nashik,MAHARASHTRA,1,Nashik,19.9974533,73.78980229999999
422102,Nashik,MAHARASHTRA,1,Nashik,19.9974533,73.78980229999999
422103,Nashik,MAHARASHTRA,1,Nashik,19.9974533,73.78980229999999
422104,Nashik,MAHARASHTRA,1,Nashik,19.9974533,73.78980229999999
422105,Nashik,MAHARASHTRA,1,Nashik,19.9974533,73.78980229999999
422112,Nashik,MAHARASHTRA,1,Nashik,19.9974533,73.78980229999999
422113,Nashik,MAHARASHTRA,1,Nashik,19.9974533,73.78980229999999
422201,Nashik,MAHARASHTRA,1,Nashik,19.9974533,73.78980229999999
422202,Nashik,MAHARASHTRA,1,Nashik,19.9974533,73.78980229999999
422203,Nashik,MAHARASHTRA,1,Nashik,19.9974533,73.78980229999999
422204,Nashik,MAHARASHTRA,1,Nashik,19.9974533,73.78980229999999
422205,Nashik,MAHARASHTRA,1,Nashik,19.9974533,73.78980229999999
422206,Nashik,MAHARASHTRA,1,Nashik,19.9974533,73.78980229999999
422207,Nashik,MAHARASHTRA,1,Nashik,19.9974533,73.78980229999999
422208,Nashik,MAHARASHTRA,1,Nashik,19.9974533,73.78980229999999
422209,Nashik,MAHARASHTRA,1,Nashik,19.9974533,73.78980229999999
422210,Nashik,MAHARASHTRA,1,Nashik,19.9974533,73.78980229999999
422211,Nashik,MAHARASHTRA,1,Nashik,19.9974533,73.78980229999999
422212,Nashik,MAHARASHTRA,1,Nashik,19.9974533,73.78980229999999
422213,Nashik,MAHARASHTRA,1,Nashik,19.9974533,73.78980229999999
422214,Nashik,MAHARASHTRA,1,Nashik,19.9974533,73.78980229999999
422215,Nashik,MAHARASHTRA,1,Nashik,19.9974533,73.78980229999999
422221,Nashik,MAHARASHTRA,1,Nashik,19.9974533,73.78980229999999
422222,Nashik,MAHARASHTRA,1,Nashik,19.9974533,73.78980229999999
422301,Nashik,MAHARASHTRA,1,Nashik,19.9974533,73.78980229999999
422302,Nashik,MAHARASHTRA,1,Nashik,19.9974533,73.78980229999999
422303,Nashik,MAHARASHTRA,1,Nashik,19.9974533,73.78980229999999
422304,Nashik,MAHARASHTRA,1,Nashik,19.9974533,73.78980229999999
422305,Nashik,MAHARASHTRA,1,Nashik,19.9974533,73.78980229999999
422306,Nashik,MAHARASHTRA,1,Nashik,19.9974533,73.78980229999999
422308,Nashik,MAHARASHTRA,1,Nashik,19.9974533,73.78980229999999
422401,Nashik,MAHARASHTRA,1,Nashik,19.9974533,73.78980229999999
422402,Nashik,MAHARASHTRA,1,Nashik,19.9974533,73.78980229999999
422403,Nashik,MAHARASHTRA,1,Nashik,19.9974533,73.78980229999999
422501,Nashik,MAHARASHTRA,1,Nashik,19.9974533,73.78980229999999
422502,Nashik,MAHARASHTRA,1,Nashik,19.9974533,73.78980229999999
422606,Nashik,MAHARASHTRA,1,Nashik,19.9974533,73.78980229999999
423101,Nashik,MAHARASHTRA,1,Nashik,19.9974533,73.78980229999999
423102,Nashik,MAHARASHTRA,1,Nashik,19.9974533,73.78980229999999
423104,Nashik,MAHARASHTRA,1,Nashik,19.9974533,73.78980229999999
423105,Nashik,MAHARASHTRA,1,Nashik,19.9974533,73.78980229999999
423106,Nashik,MAHARASHTRA,1,Nashik,19.9974533,73.78980229999999
423108,Nashik,MAHARASHTRA,1,Nashik,19.9974533,73.78980229999999
423110,Nashik,MAHARASHTRA,1,Nashik,19.9974533,73.78980229999999
423111,Nashik,MAHARASHTRA,1,Nashik,19.9974533,73.78980229999999
423117,Nashik,MAHARASHTRA,1,Nashik,19.9974533,73.78980229999999
423201,Nashik,MAHARASHTRA,1,Nashik,19.9974533,73.78980229999999
423202,Nashik,MAHARASHTRA,1,Nashik,19.9974533,73.78980229999999
423203,Nashik,MAHARASHTRA,1,Nashik,19.9974533,73.78980229999999
423204,Nashik,MAHARASHTRA,1,Nashik,19.9974533,73.78980229999999
423205,Nashik,MAHARASHTRA,1,Nashik,19.9974533,73.78980229999999
423206,Nashik,MAHARASHTRA,1,Nashik,19.9974533,73.78980229999999
423208,Nashik,MAHARASHTRA,1,Nashik,19.9974533,73.78980229999999
423212,Nashik,MAHARASHTRA,1,Nashik,19.9974533,73.78980229999999
423213,Nashik,MAHARASHTRA,1,Nashik,19.9974533,73.78980229999999
423301,Nashik,MAHARASHTRA,1,Nashik,19.9974533,73.78980229999999
423302,Nashik,MAHARASHTRA,1,Nashik,19.9974533,73.78980229999999
423303,Nashik,MAHARASHTRA,1,Nashik,19.9974533,73.78980229999999
423401,Nashik,MAHARASHTRA,1,Nashik,19.9974533,73.78980229999999
423402,Nashik,MAHARASHTRA,1,Nashik,19.9974533,73.78980229999999
423403,Nashik,MAHARASHTRA,1,Nashik,19.9974533,73.78980229999999
423501,Nashik,MAHARASHTRA,1,Nashik,19.9974533,73.78980229999999
423502,Nashik,MAHARASHTRA,1,Nashik,19.9974533,73.78980229999999
424109,Nashik,MAHARASHTRA,1,Nashik,19.9974533,73.78980229999999
500001,Hyderabad,TELANGANA,1,Hyderabad,17.385044,78.486671
500002,Hyderabad,TELANGANA,1,Hyderabad,17.385044,78.486671
500003,Hyderabad,TELANGANA,1,Hyderabad,17.385044,78.486671
500004,Hyderabad,TELANGANA,1,Hyderabad,17.385044,78.486671
500005,Hyderabad,TELANGANA,1,Hyderabad,17.385044,78.486671
500006,Hyderabad,TELANGANA,1,Hyderabad,17.385044,78.486671
500007,Hyderabad,TELANGANA,1,Hyderabad,17.385044,78.486671
500008,Hyderabad,TELANGANA,1,Hyderabad,17.385044,78.486671
500009,Hyderabad,TELANGANA,1,Hyderabad,17.385044,78.486671
500010,Hyderabad,TELANGANA,1,Hyderabad,17.385044,78.486671
500011,Hyderabad,TELANGANA,1,Hyderabad,17.385044,78.486671
500012,Hyderabad,TELANGANA,1,Hyderabad,17.385044,78.486671
500013,Hyderabad,TELANGANA,1,Hyderabad,17.385044,78.486671
500014,Hyderabad,TELANGANA,1,Hyderabad,17.385044,78.486671
500015,Hyderabad,TELANGANA,1,Hyderabad,17.385044,78.486671
500016,Hyderabad,TELANGANA,1,Hyderabad,17.385044,78.486671
500017,Hyderabad,TELANGANA,1,Hyderabad,17.385044,78.486671
500020,Hyderabad,TELANGANA,1,Hyderabad,17.385044,78.486671
500021,Hyderabad,TELANGANA,1,Hyderabad,17.385044,78.486671
500022,Hyderabad,TELANGANA,1,Hyderabad,17.385044,78.486671
500023,Hyderabad,TELANGANA,1,Hyderabad,17.385044,78.486671
500024,Hyderabad,TELANGANA,1,Hyderabad,17.385044,78.486671
500025,Hyderabad,TELANGANA,1,Hyderabad,17.385044,78.486671
500026,Hyderabad,TELANGANA,1,Hyderabad,17.385044,78.486671
500027,Hyderabad,TELANGANA,1,Hyderabad,17.385044,78.486671
500028,Hyderabad,TELANGANA,1,Hyderabad,17.385044,78.486671
500029,Hyderabad,TELANGANA,1,Hyderabad,17.385044,78.486671
500031,Hyderabad,TELANGANA,1,Hyderabad,17.385044,78.486671
500033,Hyderabad,TELANGANA,1,Hyderabad,17.385044,78.486671
500034,Hyderabad,TELANGANA,1,Hyderabad,17.385044,78.486671
500036,Hyderabad,TELANGANA,1,Hyderabad,17.385044,78.486671
500037,Hyderabad,TELANGANA,1,Hyderabad,17.385044,78.486671
500038,Hyderabad,TELANGANA,1,Hyderabad,17.385044,78.486671
500040,Hyderabad,TELANGANA,1,Hyderabad,17.385044,78.486671
500041,Hyderabad,TELANGANA,1,Hyderabad,17.385044,78.486671
500042,Hyderabad,TELANGANA,1,Hyderabad,17.385044,78.486671
500043,Hyderabad,TELANGANA,1,Hyderabad,17.385044,78.486671
500044,Hyderabad,TELANGANA,1,Hyderabad,17.385044,78.486671
500045,Hyderabad,TELANGANA,1,Hyderabad,17.385044,78.486671
500046,Hyderabad,TELANGANA,1,Hyderabad,17.385044,78.486671
500047,Hyderabad,TELANGANA,1,Hyderabad,17.385044,78.486671
500048,Hyderabad,TELANGANA,1,Hyderabad,17.385044,78.486671
500049,Hyderabad,TELANGANA,1,Hyderabad,17.385044,78.486671
500050,Hyderabad,TELANGANA,1,Hyderabad,17.385044,78.486671
500051,Hyderabad,TELANGANA,1,Hyderabad,17.385044,78.486671
500052,Hyderabad,TELANGANA,1,Hyderabad,17.385044,78.486671
500053,Hyderabad,TELANGANA,1,Hyderabad,17.385044,78.486671
500054,Hyderabad,TELANGANA,1,Hyderabad,17.385044,78.486671
500055,Hyderabad,TELANGANA,1,Hyderabad,17.385044,78.486671
500056,Hyderabad,TELANGANA,1,Hyderabad,17.385044,78.486671
500057,Hyderabad,TELANGANA,1,Hyderabad,17.385044,78.486671
500058,Hyderabad,TELANGANA,1,Hyderabad,17.385044,78.486671
500059,Hyderabad,TELANGANA,1,Hyderabad,17.385044,78.486671
500061,Hyderabad,TELANGANA,1,Hyderabad,17.385044,78.486671
500062,Hyderabad,TELANGANA,1,Hyderabad,17.385044,78.486671
500063,Hyderabad,TELANGANA,1,Hyderabad,17.385044,78.486671
500064,Hyderabad,TELANGANA,1,Hyderabad,17.385044,78.486671
500065,Hyderabad,TELANGANA,1,Hyderabad,17.385044,78.486671
500066,Hyderabad,TELANGANA,1,Hyderabad,17.385044,78.486671
500067,Hyderabad,TELANGANA,1,Hyderabad,17.385044,78.486671
500068,Hyderabad,TELANGANA,1,Hyderabad,17.385044,78.486671
500069,Hyderabad,TELANGANA,1,Hyderabad,17.385044,78.486671
500071,Hyderabad,TELANGANA,1,Hyderabad,17.385044,78.486671
500072,Hyderabad,TELANGANA,1,Hyderabad,17.385044,78.486671
500073,Hyderabad,TELANGANA,1,Hyderabad,17.385044,78.486671
500074,Hyderabad,TELANGANA,1,Hyderabad,17.385044,78.486671
500075,Hyderabad,TELANGANA,1,Hyderabad,17.385044,78.486671
500077,Hyderabad,TELANGANA,1,Hyderabad,17.385044,78.486671
500078,Hyderabad,TELANGANA,1,Hyderabad,17.385044,78.486671
500079,Hyderabad,TELANGANA,1,Hyderabad,17.385044,78.486671
500080,Hyderabad,TELANGANA,1,Hyderabad,17.385044,78.486671
500081,Hyderabad,TELANGANA,1,Hyderabad,17.385044,78.486671
500082,Hyderabad,TELANGANA,1,Hyderabad,17.385044,78.486671
500083,Hyderabad,TELANGANA,1,Hyderabad,17.385044,78.486671
500085,Hyderabad,TELANGANA,1,Hyderabad,17.385044,78.486671
500086,Hyderabad,TELANGANA,1,Hyderabad,17.385044,78.486671
500087,Hyderabad,TELANGANA,1,Hyderabad,17.385044,78.486671
500088,Hyderabad,TELANGANA,1,Hyderabad,17.385044,78.486671
500090,Hyderabad,TELANGANA,1,Hyderabad,17.385044,78.486671
500092,Hyderabad,TELANGANA,1,Hyderabad,17.385044,78.486671
500093,Hyderabad,TELANGANA,1,Hyderabad,17.385044,78.486671
500094,Hyderabad,TELANGANA,1,Hyderabad,17.385044,78.486671
500095,Hyderabad,TELANGANA,1,Hyderabad,17.385044,78.486671
500096,Hyderabad,TELANGANA,1,Hyderabad,17.385044,78.486671
500097,Hyderabad,TELANGANA,1,Hyderabad,17.385044,78.486671
500098,Hyderabad,TELANGANA,1,Hyderabad,17.385044,78.486671
500101,Hyderabad,TELANGANA,1,Hyderabad,17.385044,78.486671
500103,Hyderabad,TELANGANA,1,Hyderabad,17.385044,78.486671
500105,Hyderabad,TELANGANA,1,Hyderabad,17.385044,78.486671
500107,Hyderabad,TELANGANA,1,Hyderabad,17.385044,78.486671
500110,Hyderabad,TELANGANA,1,Hyderabad,17.385044,78.486671
501101,Hyderabad,TELANGANA,1,Hyderabad,17.385044,78.486671
500018,K.V.Rangareddy,TELANGANA,1,Shamshabad,17.25116,78.4377349
500019,K.V.Rangareddy,TELANGANA,1,Shamshabad,17.25116,78.4377349
500030,K.V.Rangareddy,TELANGANA,1,Shamshabad,17.25116,78.4377349
500032,K.V.Rangareddy,TELANGANA,1,Shamshabad,17.25116,78.4377349
500035,K.V.Rangareddy,TELANGANA,1,Shamshabad,17.25116,78.4377349
500039,K.V.Rangareddy,TELANGANA,1,Shamshabad,17.25116,78.4377349
500060,K.V.Rangareddy,TELANGANA,1,Shamshabad,17.25116,78.4377349
500070,K.V.Rangareddy,TELANGANA,1,Shamshabad,17.25116,78.4377349
500076,K.V.Rangareddy,TELANGANA,1,Shamshabad,17.25116,78.4377349
500084,K.V.Rangareddy,TELANGANA,1,Shamshabad,17.25116,78.4377349
500089,K.V.Rangareddy,TELANGANA,1,Shamshabad,17.25116,78.4377349
500091,K.V.Rangareddy,TELANGANA,1,Shamshabad,17.25116,78.4377349
500100,K.V.Rangareddy,TELANGANA,1,Shamshabad,17.25116,78.4377349
500104,K.V.Rangareddy,TELANGANA,1,Shamshabad,17.25116,78.4377349
500108,K.V.Rangareddy,TELANGANA,1,Shamshabad,17.25116,78.4377349
500111,K.V.Rangareddy,TELANGANA,1,Shamshabad,17.25116,78.4377349
501102,K.V.Rangareddy,TELANGANA,1,Shamshabad,17.25116,78.4377349
501106,K.V.Rangareddy,TELANGANA,1,Shamshabad,17.25116,78.4377349
501111,K.V.Rangareddy,TELANGANA,1,Shamshabad,17.25116,78.4377349
501121,K.V.Rangareddy,TELANGANA,1,Shamshabad,17.25116,78.4377349
501141,K.V.Rangareddy,TELANGANA,1,Shamshabad,17.25116,78.4377349
501142,K.V.Rangareddy,TELANGANA,1,Shamshabad,17.25116,78.4377349
501143,K.V.Rangareddy,TELANGANA,1,Shamshabad,17.25116,78.4377349
501144,K.V.Rangareddy,TELANGANA,1,Shamshabad,17.25116,78.4377349
501158,K.V.Rangareddy,TELANGANA,1,Shamshabad,17.25116,78.4377349
501202,K.V.Rangareddy,TELANGANA,1,Shamshabad,17.25116,78.4377349
501203,K.V.Rangareddy,TELANGANA,1,Shamshabad,17.25116,78.4377349
501218,K.V.Rangareddy,TELANGANA,1,Shamshabad,17.25116,78.4377349
501301,K.V.Rangareddy,TELANGANA,1,Shamshabad,17.25116,78.4377349
501359,K.V.Rangareddy,TELANGANA,1,Shamshabad,17.25116,78.4377349
501401,K.V.Rangareddy,TELANGANA,1,Shamshabad,17.25116,78.4377349
501501,K.V.Rangareddy,TELANGANA,1,Shamshabad,17.25116,78.4377349
501502,K.V.Rangareddy,TELANGANA,1,Shamshabad,17.25116,78.4377349
501503,K.V.Rangareddy,TELANGANA,1,Shamshabad,17.25116,78.4377349
501504,K.V.Rangareddy,TELANGANA,1,Shamshabad,17.25116,78.4377349
501505,K.V.Rangareddy,TELANGANA,1,Shamshabad,17.25116,78.4377349
501506,K.V.Rangareddy,TELANGANA,1,Shamshabad,17.25116,78.4377349
501508,K.V.Rangareddy,TELANGANA,1,Shamshabad,17.25116,78.4377349
501509,K.V.Rangareddy,TELANGANA,1,Shamshabad,17.25116,78.4377349
501510,K.V.Rangareddy,TELANGANA,1,Shamshabad,17.25116,78.4377349
501511,K.V.Rangareddy,TELANGANA,1,Shamshabad,17.25116,78.4377349
501512,K.V.Rangareddy,TELANGANA,1,Shamshabad,17.25116,78.4377349
509217,K.V.Rangareddy,TELANGANA,1,Shamshabad,17.25116,78.4377349
560001,Bengaluru,KARNATAKA,1,Bengaluru,12.9715987,77.5945627
560002,Bengaluru,KARNATAKA,1,Bengaluru,12.9715987,77.5945627
560003,Bengaluru,KARNATAKA,1,Bengaluru,12.9715987,77.5945627
560004,Bengaluru,KARNATAKA,1,Bengaluru,12.9715987,77.5945627
560005,Bengaluru,KARNATAKA,1,Bengaluru,12.9715987,77.5945627
560006,Bengaluru,KARNATAKA,1,Bengaluru,12.9715987,77.5945627
560007,Bengaluru,KARNATAKA,1,Bengaluru,12.9715987,77.5945627
560008,Bengaluru,KARNATAKA,1,Bengaluru,12.9715987,77.5945627
560009,Bengaluru,KARNATAKA,1,Bengaluru,12.9715987,77.5945627
560010,Bengaluru,KARNATAKA,1,Bengaluru,12.9715987,77.5945627
560011,Bengaluru,KARNATAKA,1,Bengaluru,12.9715987,77.5945627
560012,Bengaluru,KARNATAKA,1,Bengaluru,12.9715987,77.5945627
560013,Bengaluru,KARNATAKA,1,Bengaluru,12.9715987,77.5945627
560014,Bengaluru,KARNATAKA,1,Bengaluru,12.9715987,77.5945627
560015,Bengaluru,KARNATAKA,1,Bengaluru,12.9715987,77.5945627
560016,Bengaluru,KARNATAKA,1,Bengaluru,12.9715987,77.5945627
560017,Bengaluru,KARNATAKA,1,Bengaluru,12.9715987,77.5945627
560018,Bengaluru,KARNATAKA,1,Bengaluru,12.9715987,77.5945627
560019,Bengaluru,KARNATAKA,1,Bengaluru,12.9715987,77.5945627
560020,Bengaluru,KARNATAKA,1,Bengaluru,12.9715987,77.5945627
560021,Bengaluru,KARNATAKA,1,Bengaluru,12.9715987,77.5945627
560022,Bengaluru,KARNATAKA,1,Bengaluru,12.9715987,77.5945627
560023,Bengaluru,KARNATAKA,1,Bengaluru,12.9715987,77.5945627
560024,Bengaluru,KARNATAKA,1,Bengaluru,12.9715987,77.5945627
560025,Bengaluru,KARNATAKA,1,Bengaluru,12.9715987,77.5945627
560026,Bengaluru,KARNATAKA,1,Bengaluru,12.9715987,77.5945627
560027,Bengaluru,KARNATAKA,1,Bengaluru,12.9715987,77.5945627
560028,Bengaluru,KARNATAKA,1,Bengaluru,12.9715987,77.5945627
560029,Bengaluru,KARNATAKA,1,Bengaluru,12.9715987,77.5945627
560030,Bengaluru,KARNATAKA,1,Bengaluru,12.9715987,77.5945627
560032,Bengaluru,KARNATAKA,1,Bengaluru,12.9715987,77.5945627
560033,Bengaluru,KARNATAKA,1,Bengaluru,12.9715987,77.5945627
560034,Bengaluru,KARNATAKA,1,Bengaluru,12.9715987,77.5945627
560035,Bengaluru,KARNATAKA,1,Bengaluru,12.9715987,77.5945627
560036,Bengaluru,KARNATAKA,1,Bengaluru,12.9715987,77.5945627
560037,Bengaluru,KARNATAKA,1,Bengaluru,12.9715987,77.5945627
560038,Bengaluru,KARNATAKA,1,Bengaluru,12.9715987,77.5945627
560039,Bengaluru,KARNATAKA,1,Bengaluru,12.9715987,77.5945627
560040,Bengaluru,KARNATAKA,1,Bengaluru,12.9715987,77.5945627
560041,Bengaluru,KARNATAKA,1,Bengaluru,12.9715987,77.5945627
560042,Bengaluru,KARNATAKA,1,Bengaluru,12.9715987,77.5945627
560043,Bengaluru,KARNATAKA,1,Bengaluru,12.9715987,77.5945627
560044,Bengaluru,KARNATAKA,1,Bengaluru,12.9715987,77.5945627
560045,Bengaluru,KARNATAKA,1,Bengaluru,12.9715987,77.5945627
560046,Bengaluru,KARNATAKA,1,Bengaluru,12.9715987,77.5945627
560047,Bengaluru,KARNATAKA,1,Bengaluru,12.9715987,77.5945627
560048,Bengaluru,KARNATAKA,1,Bengaluru,12.9715987,77.5945627
560049,Bengaluru,KARNATAKA,1,Bengaluru,12.9715987,77.5945627
560050,Bengaluru,KARNATAKA,1,Bengaluru,12.9715987,77.5945627
560051,Bengaluru,KARNATAKA,1,Bengaluru,12.9715987,77.5945627
560052,Bengaluru,KARNATAKA,1,Bengaluru,12.9715987,77.5945627
560053,Bengaluru,KARNATAKA,1,Bengaluru,12.9715987,77.5945627
560054,Bengaluru,KARNATAKA,1,Bengaluru,12.9715987,77.5945627
560055,Bengaluru,KARNATAKA,1,Bengaluru,12.9715987,77.5945627
560056,Bengaluru,KARNATAKA,1,Bengaluru,12.9715987,77.5945627
560057,Bengaluru,KARNATAKA,1,Bengaluru,12.9715987,77.5945627
560058,Bengaluru,KARNATAKA,1,Bengaluru,12.9715987,77.5945627
560059,Bengaluru,KARNATAKA,1,Bengaluru,12.9715987,77.5945627
560060,Bengaluru,KARNATAKA,1,Bengaluru,12.9715987,77.5945627
560061,Bengaluru,KARNATAKA,1,Bengaluru,12.9715987,77.5945627
560062,Bengaluru,KARNATAKA,1,Bengaluru,12.9715987,77.5945627
560063,Bengaluru,KARNATAKA,1,Bengaluru,12.9715987,77.5945627
560064,Bengaluru,KARNATAKA,1,Bengaluru,12.9715987,77.5945627
560065,Bengaluru,KARNATAKA,1,Bengaluru,12.9715987,77.5945627
560066,Bengaluru,KARNATAKA,1,Bengaluru,12.9715987,77.5945627
560067,Bengaluru,KARNATAKA,1,Bengaluru,12.9715987,77.5945627
560069,Bengaluru,KARNATAKA,1,Bengaluru,12.9715987,77.5945627
560070,Bengaluru,KARNATAKA,1,Bengaluru,12.9715987,77.5945627
560071,Bengaluru,KARNATAKA,1,Bengaluru,12.9715987,77.5945627
560072,Bengaluru,KARNATAKA,1,Bengaluru,12.9715987,77.5945627
560073,Bengaluru,KARNATAKA,1,Bengaluru,12.9715987,77.5945627
560074,Bengaluru,KARNATAKA,1,Bengaluru,12.9715987,77.5945627
560075,Bengaluru,KARNATAKA,1,Bengaluru,12.9715987,77.5945627
560076,Bengaluru,KARNATAKA,1,Bengaluru,12.9715987,77.5945627
560077,Bengaluru,KARNATAKA,1,Bengaluru,12.9715987,77.5945627
560078,Bengaluru,KARNATAKA,1,Bengaluru,12.9715987,77.5945627
560079,Bengaluru,KARNATAKA,1,Bengaluru,12.9715987,77.5945627
560080,Bengaluru,KARNATAKA,1,Bengaluru,12.9715987,77.5945627
560081,Bengaluru,KARNATAKA,1,Bengaluru,12.9715987,77.5945627
560082,Bengaluru,KARNATAKA,1,Bengaluru,12.9715987,77.5945627
560084,Bengaluru,KARNATAKA,1,Bengaluru,12.9715987,77.5945627
560085,Bengaluru,KARNATAKA,1,Bengaluru,12.9715987,77.5945627
560086,Bengaluru,KARNATAKA,1,Bengaluru,12.9715987,77.5945627
560087,Bengaluru,KARNATAKA,1,Bengaluru,12.9715987,77.5945627
560091,Bengaluru,KARNATAKA,1,Bengaluru,12.9715987,77.5945627
560092,Bengaluru,KARNATAKA,1,Bengaluru,12.9715987,77.5945627
560093,Bengaluru,KARNATAKA,1,Bengaluru,12.9715987,77.5945627
560094,Bengaluru,KARNATAKA,1,Bengaluru,12.9715987,77.5945627
560095,Bengaluru,KARNATAKA,1,Bengaluru,12.9715987,77.5945627
560096,Bengaluru,KARNATAKA,1,Bengaluru,12.9715987,77.5945627
560097,Bengaluru,KARNATAKA,1,Bengaluru,12.9715987,77.5945627
560098,Bengaluru,KARNATAKA,1,Bengaluru,12.9715987,77.5945627
560100,Bengaluru,KARNATAKA,1,Bengaluru,12.9715987,77.5945627
560102,Bengaluru,KARNATAKA,1,Bengaluru,12.9715987,77.5945627
560103,Bengaluru,KARNATAKA,1,Bengaluru,12.9715987,77.5945627
560104,Bengaluru,KARNATAKA,1,Bengaluru,12.9715987,77.5945627
560105,Bengaluru,KARNATAKA,1,Bengaluru,12.9715987,77.5945627
560108,Bengaluru,KARNATAKA,1,Bengaluru,12.9715987,77.5945627
560109,Bengaluru,KARNATAKA,1,Bengaluru,12.9715987,77.5945627
560110,Bengaluru,KARNATAKA,1,Bengaluru,12.9715987,77.5945627
560111,Bengaluru,KARNATAKA,1,Bengaluru,12.9715987,77.5945627
560112,Bengaluru,KARNATAKA,1,Bengaluru,12.9715987,77.5945627
560113,Bengaluru,KARNATAKA,1,Bengaluru,12.9715987,77.5945627
560114,Bengaluru,KARNATAKA,1,Bengaluru,12.9715987,77.5945627
560115,Bengaluru,KARNATAKA,1,Bengaluru,12.9715987,77.5945627
560117,Bengaluru,KARNATAKA,1,Bengaluru,12.9715987,77.5945627
560300,Bengaluru,KARNATAKA,1,Bengaluru,12.9715987,77.5945627
560500,Bengaluru,KARNATAKA,1,Bengaluru,12.9715987,77.5945627
562106,Bengaluru,KARNATAKA,1,Bengaluru,12.9715987,77.5945627
562107,Bengaluru,KARNATAKA,1,Bengaluru,12.9715987,77.5945627
562125,Bengaluru,KARNATAKA,1,Bengaluru,12.9715987,77.5945627
562130,Bengaluru,KARNATAKA,1,Bengaluru,12.9715987,77.5945627
562149,Bengaluru,KARNATAKA,1,Bengaluru,12.9715987,77.5945627
562157,Bengaluru,KARNATAKA,1,Bengaluru,12.9715987,77.5945627
560068,Bangalore Rural,KARNATAKA,1,Bangalore,12.9715987,77.5945627
560083,Bangalore Rural,KARNATAKA,1,Bangalore,12.9715987,77.5945627
560088,Bangalore Rural,KARNATAKA,1,Bangalore,12.9715987,77.5945627
560089,Bangalore Rural,KARNATAKA,1,Bangalore,12.9715987,77.5945627
560090,Bangalore Rural,KARNATAKA,1,Bangalore,12.9715987,77.5945627
560099,Bangalore Rural,KARNATAKA,1,Bangalore,12.9715987,77.5945627
560107,Bangalore Rural,KARNATAKA,1,Bangalore,12.9715987,77.5945627
560116,Bangalore Rural,KARNATAKA,1,Bangalore,12.9715987,77.5945627
561101,Bangalore Rural,KARNATAKA,1,Bangalore,12.9715987,77.5945627
561201,Bangalore Rural,KARNATAKA,1,Bangalore,12.9715987,77.5945627
561203,Bangalore Rural,KARNATAKA,1,Bangalore,12.9715987,77.5945627
561204,Bangalore Rural,KARNATAKA,1,Bangalore,12.9715987,77.5945627
561205,Bangalore Rural,KARNATAKA,1,Bangalore,12.9715987,77.5945627
562110,Bangalore Rural,KARNATAKA,1,Bangalore,12.9715987,77.5945627
562111,Bangalore Rural,KARNATAKA,1,Bangalore,12.9715987,77.5945627
562114,Bangalore Rural,KARNATAKA,1,Bangalore,12.9715987,77.5945627
562122,Bangalore Rural,KARNATAKA,1,Bangalore,12.9715987,77.5945627
562123,Bangalore Rural,KARNATAKA,1,Bangalore,12.9715987,77.5945627
562127,Bangalore Rural,KARNATAKA,1,Bangalore,12.9715987,77.5945627
562129,Bangalore Rural,KARNATAKA,1,Bangalore,12.9715987,77.5945627
562131,Bangalore Rural,KARNATAKA,1,Bangalore,12.9715987,77.5945627
562132,Bangalore Rural,KARNATAKA,1,Bangalore,12.9715987,77.5945627
562135,Bangalore Rural,KARNATAKA,1,Bangalore,12.9715987,77.5945627
562162,Bangalore Rural,KARNATAKA,1,Bangalore,12.9715987,77.5945627
562163,Bangalore Rural,KARNATAKA,1,Bangalore,12.9715987,77.5945627
562164,Bangalore Rural,KARNATAKA,1,Bangalore,12.9715987,77.5945627
563160,Kolar,KARNATAKA,1,Kolar,46.8213809,-92.182098
600001,Chennai,TAMIL NADU,1,Chennai,13.0826802,80.2707184
600002,Chennai,TAMIL NADU,1,Chennai,13.0826802,80.2707184
600003,Chennai,TAMIL NADU,1,Chennai,13.0826802,80.2707184
600004,Chennai,TAMIL NADU,1,Chennai,13.0826802,80.2707184
600005,Chennai,TAMIL NADU,1,Chennai,13.0826802,80.2707184
600006,Chennai,TAMIL NADU,1,Chennai,13.0826802,80.2707184
600007,Chennai,TAMIL NADU,1,Chennai,13.0826802,80.2707184
600008,Chennai,TAMIL NADU,1,Chennai,13.0826802,80.2707184
600009,Chennai,TAMIL NADU,1,Chennai,13.0826802,80.2707184
600010,Chennai,TAMIL NADU,1,Chennai,13.0826802,80.2707184
600011,Chennai,TAMIL NADU,1,Chennai,13.0826802,80.2707184
600012,Chennai,TAMIL NADU,1,Chennai,13.0826802,80.2707184
600013,Chennai,TAMIL NADU,1,Chennai,13.0826802,80.2707184
600014,Chennai,TAMIL NADU,1,Chennai,13.0826802,80.2707184
600015,Chennai,TAMIL NADU,1,Chennai,13.0826802,80.2707184
600017,Chennai,TAMIL NADU,1,Chennai,13.0826802,80.2707184
600018,Chennai,TAMIL NADU,1,Chennai,13.0826802,80.2707184
600020,Chennai,TAMIL NADU,1,Chennai,13.0826802,80.2707184
600021,Chennai,TAMIL NADU,1,Chennai,13.0826802,80.2707184
600022,Chennai,TAMIL NADU,1,Chennai,13.0826802,80.2707184
600023,Chennai,TAMIL NADU,1,Chennai,13.0826802,80.2707184
600024,Chennai,TAMIL NADU,1,Chennai,13.0826802,80.2707184
600025,Chennai,TAMIL NADU,1,Chennai,13.0826802,80.2707184
600026,Chennai,TAMIL NADU,1,Chennai,13.0826802,80.2707184
600027,Chennai,TAMIL NADU,1,Chennai,13.0826802,80.2707184
600028,Chennai,TAMIL NADU,1,Chennai,13.0826802,80.2707184
600029,Chennai,TAMIL NADU,1,Chennai,13.0826802,80.2707184
600030,Chennai,TAMIL NADU,1,Chennai,13.0826802,80.2707184
600031,Chennai,TAMIL NADU,1,Chennai,13.0826802,80.2707184
600032,Chennai,TAMIL NADU,1,Chennai,13.0826802,80.2707184
600033,Chennai,TAMIL NADU,1,Chennai,13.0826802,80.2707184
600034,Chennai,TAMIL NADU,1,Chennai,13.0826802,80.2707184
600035,Chennai,TAMIL NADU,1,Chennai,13.0826802,80.2707184
600036,Chennai,TAMIL NADU,1,Chennai,13.0826802,80.2707184
600038,Chennai,TAMIL NADU,1,Chennai,13.0826802,80.2707184
600039,Chennai,TAMIL NADU,1,Chennai,13.0826802,80.2707184
600040,Chennai,TAMIL NADU,1,Chennai,13.0826802,80.2707184
600041,Chennai,TAMIL NADU,1,Chennai,13.0826802,80.2707184
600042,Chennai,TAMIL NADU,1,Chennai,13.0826802,80.2707184
600049,Chennai,TAMIL NADU,1,Chennai,13.0826802,80.2707184
600065,Chennai,TAMIL NADU,1,Chennai,13.0826802,80.2707184
600078,Chennai,TAMIL NADU,1,Chennai,13.0826802,80.2707184
600079,Chennai,TAMIL NADU,1,Chennai,13.0826802,80.2707184
600081,Chennai,TAMIL NADU,1,Chennai,13.0826802,80.2707184
600082,Chennai,TAMIL NADU,1,Chennai,13.0826802,80.2707184
600083,Chennai,TAMIL NADU,1,Chennai,13.0826802,80.2707184
600084,Chennai,TAMIL NADU,1,Chennai,13.0826802,80.2707184
600085,Chennai,TAMIL NADU,1,Chennai,13.0826802,80.2707184
600086,Chennai,TAMIL NADU,1,Chennai,13.0826802,80.2707184
600090,Chennai,TAMIL NADU,1,Chennai,13.0826802,80.2707184
600092,Chennai,TAMIL NADU,1,Chennai,13.0826802,80.2707184
600093,Chennai,TAMIL NADU,1,Chennai,13.0826802,80.2707184
600094,Chennai,TAMIL NADU,1,Chennai,13.0826802,80.2707184
600098,Chennai,TAMIL NADU,1,Chennai,13.0826802,80.2707184
600099,Chennai,TAMIL NADU,1,Chennai,13.0826802,80.2707184
600101,Chennai,TAMIL NADU,1,Chennai,13.0826802,80.2707184
600102,Chennai,TAMIL NADU,1,Chennai,13.0826802,80.2707184
600104,Chennai,TAMIL NADU,1,Chennai,13.0826802,80.2707184
600105,Chennai,TAMIL NADU,1,Chennai,13.0826802,80.2707184
600106,Chennai,TAMIL NADU,1,Chennai,13.0826802,80.2707184
600107,Chennai,TAMIL NADU,1,Chennai,13.0826802,80.2707184
600108,Chennai,TAMIL NADU,1,Chennai,13.0826802,80.2707184
600112,Chennai,TAMIL NADU,1,Chennai,13.0826802,80.2707184
600113,Chennai,TAMIL NADU,1,Chennai,13.0826802,80.2707184
600118,Chennai,TAMIL NADU,1,Chennai,13.0826802,80.2707184
600016,Kanchipuram,TAMIL NADU,1,Kanchipuram,12.8341735,79.7036402
600043,Kanchipuram,TAMIL NADU,1,Kanchipuram,12.8341735,79.7036402
600044,Kanchipuram,TAMIL NADU,1,Kanchipuram,12.8341735,79.7036402
600045,Kanchipuram,TAMIL NADU,1,Kanchipuram,12.8341735,79.7036402
600048,Kanchipuram,TAMIL NADU,1,Kanchipuram,12.8341735,79.7036402
600059,Kanchipuram,TAMIL NADU,1,Kanchipuram,12.8341735,79.7036402
600063,Kanchipuram,TAMIL NADU,1,Kanchipuram,12.8341735,79.7036402
600064,Kanchipuram,TAMIL NADU,1,Kanchipuram,12.8341735,79.7036402
600089,Kanchipuram,TAMIL NADU,1,Kanchipuram,12.8341735,79.7036402
600091,Kanchipuram,TAMIL NADU,1,Kanchipuram,12.8341735,79.7036402
600096,Kanchipuram,TAMIL NADU,1,Kanchipuram,12.8341735,79.7036402
600097,Kanchipuram,TAMIL NADU,1,Kanchipuram,12.8341735,79.7036402
600100,Kanchipuram,TAMIL NADU,1,Kanchipuram,12.8341735,79.7036402
600116,Kanchipuram,TAMIL NADU,1,Kanchipuram,12.8341735,79.7036402
600117,Kanchipuram,TAMIL NADU,1,Kanchipuram,12.8341735,79.7036402
600119,Kanchipuram,TAMIL NADU,1,Kanchipuram,12.8341735,79.7036402
600122,Kanchipuram,TAMIL NADU,1,Kanchipuram,12.8341735,79.7036402
600126,Kanchipuram,TAMIL NADU,1,Kanchipuram,12.8341735,79.7036402
603202,Kanchipuram,TAMIL NADU,1,Kanchipuram,12.8341735,79.7036402
603204,Kanchipuram,TAMIL NADU,1,Kanchipuram,12.8341735,79.7036402
600037,Tiruvallur,TAMIL NADU,1,Tiruvallur,13.2544335,80.0087746
600050,Tiruvallur,TAMIL NADU,1,Tiruvallur,13.2544335,80.0087746
600053,Tiruvallur,TAMIL NADU,1,Tiruvallur,13.2544335,80.0087746
600054,Tiruvallur,TAMIL NADU,1,Tiruvallur,13.2544335,80.0087746
600056,Tiruvallur,TAMIL NADU,1,Tiruvallur,13.2544335,80.0087746
600058,Tiruvallur,TAMIL NADU,1,Tiruvallur,13.2544335,80.0087746
600060,Tiruvallur,TAMIL NADU,1,Tiruvallur,13.2544335,80.0087746
600062,Tiruvallur,TAMIL NADU,1,Tiruvallur,13.2544335,80.0087746
600068,Tiruvallur,TAMIL NADU,1,Tiruvallur,13.2544335,80.0087746
600072,Tiruvallur,TAMIL NADU,1,Tiruvallur,13.2544335,80.0087746
600077,Tiruvallur,TAMIL NADU,1,Tiruvallur,13.2544335,80.0087746
600087,Tiruvallur,TAMIL NADU,1,Tiruvallur,13.2544335,80.0087746
600103,Tiruvallur,TAMIL NADU,1,Tiruvallur,13.2544335,80.0087746
600110,Tiruvallur,TAMIL NADU,1,Tiruvallur,13.2544335,80.0087746
600124,Tiruvallur,TAMIL NADU,1,Tiruvallur,13.2544335,80.0087746
700001,Kolkata,WEST BENGAL,1,Kolkata,22.572646,88.36389500000001
700002,Kolkata,WEST BENGAL,1,Kolkata,22.572646,88.36389500000001
700003,Kolkata,WEST BENGAL,1,Kolkata,22.572646,88.36389500000001
700004,Kolkata,WEST BENGAL,1,Kolkata,22.572646,88.36389500000001
700005,Kolkata,WEST BENGAL,1,Kolkata,22.572646,88.36389500000001
700006,Kolkata,WEST BENGAL,1,Kolkata,22.572646,88.36389500000001
700007,Kolkata,WEST BENGAL,1,Kolkata,22.572646,88.36389500000001
700008,Kolkata,WEST BENGAL,1,Kolkata,22.572646,88.36389500000001
700009,Kolkata,WEST BENGAL,1,Kolkata,22.572646,88.36389500000001
700010,Kolkata,WEST BENGAL,1,Kolkata,22.572646,88.36389500000001
700011,Kolkata,WEST BENGAL,1,Kolkata,22.572646,88.36389500000001
700012,Kolkata,WEST BENGAL,1,Kolkata,22.572646,88.36389500000001
700013,Kolkata,WEST BENGAL,1,Kolkata,22.572646,88.36389500000001
700014,Kolkata,WEST BENGAL,1,Kolkata,22.572646,88.36389500000001
700015,Kolkata,WEST BENGAL,1,Kolkata,22.572646,88.36389500000001
700016,Kolkata,WEST BENGAL,1,Kolkata,22.572646,88.36389500000001
700017,Kolkata,WEST BENGAL,1,Kolkata,22.572646,88.36389500000001
700018,Kolkata,WEST BENGAL,1,Kolkata,22.572646,88.36389500000001
700019,Kolkata,WEST BENGAL,1,Kolkata,22.572646,88.36389500000001
700020,Kolkata,WEST BENGAL,1,Kolkata,22.572646,88.36389500000001
700021,Kolkata,WEST BENGAL,1,Kolkata,22.572646,88.36389500000001
700022,Kolkata,WEST BENGAL,1,Kolkata,22.572646,88.36389500000001
700023,Kolkata,WEST BENGAL,1,Kolkata,22.572646,88.36389500000001
700024,Kolkata,WEST BENGAL,1,Kolkata,22.572646,88.36389500000001
700025,Kolkata,WEST BENGAL,1,Kolkata,22.572646,88.36389500000001
700026,Kolkata,WEST BENGAL,1,Kolkata,22.572646,88.36389500000001
700027,Kolkata,WEST BENGAL,1,Kolkata,22.572646,88.36389500000001
700028,Kolkata,WEST BENGAL,1,Kolkata,22.572646,88.36389500000001
700029,Kolkata,WEST BENGAL,1,Kolkata,22.572646,88.36389500000001
700030,Kolkata,WEST BENGAL,1,Kolkata,22.572646,88.36389500000001
700031,Kolkata,WEST BENGAL,1,Kolkata,22.572646,88.36389500000001
700032,Kolkata,WEST BENGAL,1,Kolkata,22.572646,88.36389500000001
700033,Kolkata,WEST BENGAL,1,Kolkata,22.572646,88.36389500000001
700034,Kolkata,WEST BENGAL,1,Kolkata,22.572646,88.36389500000001
700035,Kolkata,WEST BENGAL,1,Kolkata,22.572646,88.36389500000001
700036,Kolkata,WEST BENGAL,1,Kolkata,22.572646,88.36389500000001
700037,Kolkata,WEST BENGAL,1,Kolkata,22.572646,88.36389500000001
700038,Kolkata,WEST BENGAL,1,Kolkata,22.572646,88.36389500000001
700040,Kolkata,WEST BENGAL,1,Kolkata,22.572646,88.36389500000001
700041,Kolkata,WEST BENGAL,1,Kolkata,22.572646,88.36389500000001
700042,Kolkata,WEST BENGAL,1,Kolkata,22.572646,88.36389500000001
700043,Kolkata,WEST BENGAL,1,Kolkata,22.572646,88.36389500000001
700044,Kolkata,WEST BENGAL,1,Kolkata,22.572646,88.36389500000001
700045,Kolkata,WEST BENGAL,1,Kolkata,22.572646,88.36389500000001
700046,Kolkata,WEST BENGAL,1,Kolkata,22.572646,88.36389500000001
700047,Kolkata,WEST BENGAL,1,Kolkata,22.572646,88.36389500000001
700050,Kolkata,WEST BENGAL,1,Kolkata,22.572646,88.36389500000001
700052,Kolkata,WEST BENGAL,1,Kolkata,22.572646,88.36389500000001
700053,Kolkata,WEST BENGAL,1,Kolkata,22.572646,88.36389500000001
700054,Kolkata,WEST BENGAL,1,Kolkata,22.572646,88.36389500000001
700060,Kolkata,WEST BENGAL,1,Kolkata,22.572646,88.36389500000001
700061,Kolkata,WEST BENGAL,1,Kolkata,22.572646,88.36389500000001
700062,Kolkata,WEST BENGAL,1,Kolkata,22.572646,88.36389500000001
700063,Kolkata,WEST BENGAL,1,Kolkata,22.572646,88.36389500000001
700065,Kolkata,WEST BENGAL,1,Kolkata,22.572646,88.36389500000001
700066,Kolkata,WEST BENGAL,1,Kolkata,22.572646,88.36389500000001
700067,Kolkata,WEST BENGAL,1,Kolkata,22.572646,88.36389500000001
700068,Kolkata,WEST BENGAL,1,Kolkata,22.572646,88.36389500000001
700069,Kolkata,WEST BENGAL,1,Kolkata,22.572646,88.36389500000001
700071,Kolkata,WEST BENGAL,1,Kolkata,22.572646,88.36389500000001
700072,Kolkata,WEST BENGAL,1,Kolkata,22.572646,88.36389500000001
700073,Kolkata,WEST BENGAL,1,Kolkata,22.572646,88.36389500000001
700074,Kolkata,WEST BENGAL,1,Kolkata,22.572646,88.36389500000001
700075,Kolkata,WEST BENGAL,1,Kolkata,22.572646,88.36389500000001
700077,Kolkata,WEST BENGAL,1,Kolkata,22.572646,88.36389500000001
700078,Kolkata,WEST BENGAL,1,Kolkata,22.572646,88.36389500000001
700080,Kolkata,WEST BENGAL,1,Kolkata,22.572646,88.36389500000001
700082,Kolkata,WEST BENGAL,1,Kolkata,22.572646,88.36389500000001
700085,Kolkata,WEST BENGAL,1,Kolkata,22.572646,88.36389500000001
700086,Kolkata,WEST BENGAL,1,Kolkata,22.572646,88.36389500000001
700087,Kolkata,WEST BENGAL,1,Kolkata,22.572646,88.36389500000001
700088,Kolkata,WEST BENGAL,1,Kolkata,22.572646,88.36389500000001
700089,Kolkata,WEST BENGAL,1,Kolkata,22.572646,88.36389500000001
700090,Kolkata,WEST BENGAL,1,Kolkata,22.572646,88.36389500000001
700092,Kolkata,WEST BENGAL,1,Kolkata,22.572646,88.36389500000001
700094,Kolkata,WEST BENGAL,1,Kolkata,22.572646,88.36389500000001
700095,Kolkata,WEST BENGAL,1,Kolkata,22.572646,88.36389500000001
700099,Kolkata,WEST BENGAL,1,Kolkata,22.572646,88.36389500000001
700108,Kolkata,WEST BENGAL,1,Kolkata,22.572646,88.36389500000001
711101,Howrah,WEST BENGAL,1,Howrah,22.5957689,88.26363940000002
711102,Howrah,WEST BENGAL,1,Howrah,22.5957689,88.26363940000002
711103,Howrah,WEST BENGAL,1,Howrah,22.5957689,88.26363940000002
711104,Howrah,WEST BENGAL,1,Howrah,22.5957689,88.26363940000002
711105,Howrah,WEST BENGAL,1,Howrah,22.5957689,88.26363940000002
711106,Howrah,WEST BENGAL,1,Howrah,22.5957689,88.26363940000002
711107,Howrah,WEST BENGAL,1,Howrah,22.5957689,88.26363940000002
711108,Howrah,WEST BENGAL,1,Howrah,22.5957689,88.26363940000002
711109,Howrah,WEST BENGAL,1,Howrah,22.5957689,88.26363940000002
711110,Howrah,WEST BENGAL,1,Howrah,22.5957689,88.26363940000002
711111,Howrah,WEST BENGAL,1,Howrah,22.5957689,88.26363940000002
711112,Howrah,WEST BENGAL,1,Howrah,22.5957689,88.26363940000002
711113,Howrah,WEST BENGAL,1,Howrah,22.5957689,88.26363940000002
711114,Howrah,WEST BENGAL,1,Howrah,22.5957689,88.26363940000002
711115,Howrah,WEST BENGAL,1,Howrah,22.5957689,88.26363940000002
711201,Howrah,WEST BENGAL,1,Howrah,22.5957689,88.26363940000002
711202,Howrah,WEST BENGAL,1,Howrah,22.5957689,88.26363940000002
711203,Howrah,WEST BENGAL,1,Howrah,22.5957689,88.26363940000002
711204,Howrah,WEST BENGAL,1,Howrah,22.5957689,88.26363940000002
711205,Howrah,WEST BENGAL,1,Howrah,22.5957689,88.26363940000002
711206,Howrah,WEST BENGAL,1,Howrah,22.5957689,88.26363940000002
711225,Howrah,WEST BENGAL,1,Howrah,22.5957689,88.26363940000002
711226,Howrah,WEST BENGAL,1,Howrah,22.5957689,88.26363940000002
711227,Howrah,WEST BENGAL,1,Howrah,22.5957689,88.26363940000002
711301,Howrah,WEST BENGAL,1,Howrah,22.5957689,88.26363940000002
711302,Howrah,WEST BENGAL,1,Howrah,22.5957689,88.26363940000002
711303,Howrah,WEST BENGAL,1,Howrah,22.5957689,88.26363940000002
711304,Howrah,WEST BENGAL,1,Howrah,22.5957689,88.26363940000002
711305,Howrah,WEST BENGAL,1,Howrah,22.5957689,88.26363940000002
711306,Howrah,WEST BENGAL,1,Howrah,22.5957689,88.26363940000002
711307,Howrah,WEST BENGAL,1,Howrah,22.5957689,88.26363940000002
711308,Howrah,WEST BENGAL,1,Howrah,22.5957689,88.26363940000002
711309,Howrah,WEST BENGAL,1,Howrah,22.5957689,88.26363940000002
711310,Howrah,WEST BENGAL,1,Howrah,22.5957689,88.26363940000002
711312,Howrah,WEST BENGAL,1,Howrah,22.5957689,88.26363940000002
711313,Howrah,WEST BENGAL,1,Howrah,22.5957689,88.26363940000002
711314,Howrah,WEST BENGAL,1,Howrah,22.5957689,88.26363940000002
711315,Howrah,WEST BENGAL,1,Howrah,22.5957689,88.26363940000002
711316,Howrah,WEST BENGAL,1,Howrah,22.5957689,88.26363940000002
711317,Howrah,WEST BENGAL,1,Howrah,22.5957689,88.26363940000002
711322,Howrah,WEST BENGAL,1,Howrah,22.5957689,88.26363940000002
711401,Howrah,WEST BENGAL,1,Howrah,22.5957689,88.26363940000002
711403,Howrah,WEST BENGAL,1,Howrah,22.5957689,88.26363940000002
711404,Howrah,WEST BENGAL,1,Howrah,22.5957689,88.26363940000002
711405,Howrah,WEST BENGAL,1,Howrah,22.5957689,88.26363940000002
711408,Howrah,WEST BENGAL,1,Howrah,22.5957689,88.26363940000002
711409,Howrah,WEST BENGAL,1,Howrah,22.5957689,88.26363940000002
711410,Howrah,WEST BENGAL,1,Howrah,22.5957689,88.26363940000002
711411,Howrah,WEST BENGAL,1,Howrah,22.5957689,88.26363940000002
711412,Howrah,WEST BENGAL,1,Howrah,22.5957689,88.26363940000002
711413,Howrah,WEST BENGAL,1,Howrah,22.5957689,88.26363940000002
711414,Howrah,WEST BENGAL,1,Howrah,22.5957689,88.26363940000002
712101,Hooghly,WEST BENGAL,1,Hooghly,22.896256,88.24611829999999
712102,Hooghly,WEST BENGAL,1,Hooghly,22.896256,88.24611829999999
712103,Hooghly,WEST BENGAL,1,Hooghly,22.896256,88.24611829999999
712104,Hooghly,WEST BENGAL,1,Hooghly,22.896256,88.24611829999999
712105,Hooghly,WEST BENGAL,1,Hooghly,22.896256,88.24611829999999
712121,Hooghly,WEST BENGAL,1,Hooghly,22.896256,88.24611829999999
712122,Hooghly,WEST BENGAL,1,Hooghly,22.896256,88.24611829999999
712123,Hooghly,WEST BENGAL,1,Hooghly,22.896256,88.24611829999999
712124,Hooghly,WEST BENGAL,1,Hooghly,22.896256,88.24611829999999
712125,Hooghly,WEST BENGAL,1,Hooghly,22.896256,88.24611829999999
712134,Hooghly,WEST BENGAL,1,Hooghly,22.896256,88.24611829999999
712135,Hooghly,WEST BENGAL,1,Hooghly,22.896256,88.24611829999999
712136,Hooghly,WEST BENGAL,1,Hooghly,22.896256,88.24611829999999
712137,Hooghly,WEST BENGAL,1,Hooghly,22.896256,88.24611829999999
712138,Hooghly,WEST BENGAL,1,Hooghly,22.896256,88.24611829999999
712139,Hooghly,WEST BENGAL,1,Hooghly,22.896256,88.24611829999999
712146,Hooghly,WEST BENGAL,1,Hooghly,22.896256,88.24611829999999
712147,Hooghly,WEST BENGAL,1,Hooghly,22.896256,88.24611829999999
712148,Hooghly,WEST BENGAL,1,Hooghly,22.896256,88.24611829999999
712149,Hooghly,WEST BENGAL,1,Hooghly,22.896256,88.24611829999999
712152,Hooghly,WEST BENGAL,1,Hooghly,22.896256,88.24611829999999
712201,Hooghly,WEST BENGAL,1,Hooghly,22.896256,88.24611829999999
712202,Hooghly,WEST BENGAL,1,Hooghly,22.896256,88.24611829999999
712203,Hooghly,WEST BENGAL,1,Hooghly,22.896256,88.24611829999999
712204,Hooghly,WEST BENGAL,1,Hooghly,22.896256,88.24611829999999
712221,Hooghly,WEST BENGAL,1,Hooghly,22.896256,88.24611829999999
712222,Hooghly,WEST BENGAL,1,Hooghly,22.896256,88.24611829999999
712223,Hooghly,WEST BENGAL,1,Hooghly,22.896256,88.24611829999999
712232,Hooghly,WEST BENGAL,1,Hooghly,22.896256,88.24611829999999
712233,Hooghly,WEST BENGAL,1,Hooghly,22.896256,88.24611829999999
712234,Hooghly,WEST BENGAL,1,Hooghly,22.896256,88.24611829999999
712235,Hooghly,WEST BENGAL,1,Hooghly,22.896256,88.24611829999999
712245,Hooghly,WEST BENGAL,1,Hooghly,22.896256,88.24611829999999
712246,Hooghly,WEST BENGAL,1,Hooghly,22.896256,88.24611829999999
712247,Hooghly,WEST BENGAL,1,Hooghly,22.896256,88.24611829999999
712248,Hooghly,WEST BENGAL,1,Hooghly,22.896256,88.24611829999999
712249,Hooghly,WEST BENGAL,1,Hooghly,22.896256,88.24611829999999
712250,Hooghly,WEST BENGAL,1,Hooghly,22.896256,88.24611829999999
712258,Hooghly,WEST BENGAL,1,Hooghly,22.896256,88.24611829999999
712301,Hooghly,WEST BENGAL,1,Hooghly,22.896256,88.24611829999999
712302,Hooghly,WEST BENGAL,1,Hooghly,22.896256,88.24611829999999
712303,Hooghly,WEST BENGAL,1,Hooghly,22.896256,88.24611829999999
712304,Hooghly,WEST BENGAL,1,Hooghly,22.896256,88.24611829999999
712305,Hooghly,WEST BENGAL,1,Hooghly,22.896256,88.24611829999999
712306,Hooghly,WEST BENGAL,1,Hooghly,22.896256,88.24611829999999
712308,Hooghly,WEST BENGAL,1,Hooghly,22.896256,88.24611829999999
712310,Hooghly,WEST BENGAL,1,Hooghly,22.896256,88.24611829999999
712311,Hooghly,WEST BENGAL,1,Hooghly,22.896256,88.24611829999999
712401,Hooghly,WEST BENGAL,1,Hooghly,22.896256,88.24611829999999
712402,Hooghly,WEST BENGAL,1,Hooghly,22.896256,88.24611829999999
712403,Hooghly,WEST BENGAL,1,Hooghly,22.896256,88.24611829999999
712404,Hooghly,WEST BENGAL,1,Hooghly,22.896256,88.24611829999999
712405,Hooghly,WEST BENGAL,1,Hooghly,22.896256,88.24611829999999
712406,Hooghly,WEST BENGAL,1,Hooghly,22.896256,88.24611829999999
712407,Hooghly,WEST BENGAL,1,Hooghly,22.896256,88.24611829999999
712408,Hooghly,WEST BENGAL,1,Hooghly,22.896256,88.24611829999999
712409,Hooghly,WEST BENGAL,1,Hooghly,22.896256,88.24611829999999
712410,Hooghly,WEST BENGAL,1,Hooghly,22.896256,88.24611829999999
712411,Hooghly,WEST BENGAL,1,Hooghly,22.896256,88.24611829999999
712412,Hooghly,WEST BENGAL,1,Hooghly,22.896256,88.24611829999999
712413,Hooghly,WEST BENGAL,1,Hooghly,22.896256,88.24611829999999
712414,Hooghly,WEST BENGAL,1,Hooghly,22.896256,88.24611829999999
712415,Hooghly,WEST BENGAL,1,Hooghly,22.896256,88.24611829999999
712416,Hooghly,WEST BENGAL,1,Hooghly,22.896256,88.24611829999999
712417,Hooghly,WEST BENGAL,1,Hooghly,22.896256,88.24611829999999
712418,Hooghly,WEST BENGAL,1,Hooghly,22.896256,88.24611829999999
712419,Hooghly,WEST BENGAL,1,Hooghly,22.896256,88.24611829999999
712424,Hooghly,WEST BENGAL,1,Hooghly,22.896256,88.24611829999999
712426,Hooghly,WEST BENGAL,1,Hooghly,22.896256,88.24611829999999
712501,Hooghly,WEST BENGAL,1,Hooghly,22.896256,88.24611829999999
712502,Hooghly,WEST BENGAL,1,Hooghly,22.896256,88.24611829999999
712503,Hooghly,WEST BENGAL,1,Hooghly,22.896256,88.24611829999999
712504,Hooghly,WEST BENGAL,1,Hooghly,22.896256,88.24611829999999
712512,Hooghly,WEST BENGAL,1,Hooghly,22.896256,88.24611829999999
712513,Hooghly,WEST BENGAL,1,Hooghly,22.896256,88.24611829999999
712514,Hooghly,WEST BENGAL,1,Hooghly,22.896256,88.24611829999999
712515,Hooghly,WEST BENGAL,1,Hooghly,22.896256,88.24611829999999
712601,Hooghly,WEST BENGAL,1,Hooghly,22.896256,88.24611829999999
712602,Hooghly,WEST BENGAL,1,Hooghly,22.896256,88.24611829999999
712611,Hooghly,WEST BENGAL,1,Hooghly,22.896256,88.24611829999999
712612,Hooghly,WEST BENGAL,1,Hooghly,22.896256,88.24611829999999
712613,Hooghly,WEST BENGAL,1,Hooghly,22.896256,88.24611829999999
712614,Hooghly,WEST BENGAL,1,Hooghly,22.896256,88.24611829999999
712615,Hooghly,WEST BENGAL,1,Hooghly,22.896256,88.24611829999999
712616,Hooghly,WEST BENGAL,1,Hooghly,22.896256,88.24611829999999
712617,Hooghly,WEST BENGAL,1,Hooghly,22.896256,88.24611829999999
712701,Hooghly,WEST BENGAL,1,Hooghly,22.896256,88.24611829999999
712702,Hooghly,WEST BENGAL,1,Hooghly,22.896256,88.24611829999999
712704,Hooghly,WEST BENGAL,1,Hooghly,22.896256,88.24611829999999
712705,Hooghly,WEST BENGAL,1,Hooghly,22.896256,88.24611829999999
712706,Hooghly,WEST BENGAL,1,Hooghly,22.896256,88.24611829999999
712707,Hooghly,WEST BENGAL,1,Hooghly,22.896256,88.24611829999999
712708,Hooghly,WEST BENGAL,1,Hooghly,22.896256,88.24611829999999
