,actor,applicationid,from_status,substatuses,userid
0,avijit.mohanty,190,CREDIT_PENDING,"[""FOIR""]",675
1,sumalatha.thadimari,12723,INITIATED,"[""FOIR""]",95686
2,sumalatha.thadimari,43304,INITIATED,"[""FOIR"", ""POST_WRITTEN_OFF_SETTLED""]",369676
3,avijit.mohanty,43343,INITIATED,"[""FOIR""]",286157
4,prashanth.eswaramoorti,43394,INITIATED,"[""FOIR""]",292304
5,sumalatha.thadimari,43424,INITIATED,"[""FOIR"", ""OVERDUES"", ""CHEQUE_BOUNCES""]",398672
6,avijit.mohanty,43589,CREDIT_PENDING,"[""FOIR""]",221964
7,avijit.mohanty,43758,CREDIT_PENDING,"[""FOIR""]",241435
8,sumalatha.thadimari,43808,INITIATED,"[""FOIR"", ""OVERDUES""]",402478
9,priyanka.jain,43809,INITIATED,"[""FOIR""]",386889
10,vineeth.s,44194,INITIATED,"[""FOIR""]",406467
11,lakshmidevi.m,44300,INITIATED,"[""FOIR""]",297050
12,thirunaukkarasu.v,44486,CREDIT_PENDING,"[""FOIR""]",24238
13,avijit.mohanty,44779,CREDIT_PENDING,"[""FOIR""]",402303
14,lakshmidevi.m,45058,CREDIT_PENDING,"[""FOIR""]",68557
15,preetham.shetty,45229,INITIATED,"[""FOIR""]",251097
16,priyanka.jain,45523,INITIATED,"[""FOIR""]",422359
17,avijit.mohanty,45802,INITIATED,"[""FOIR""]",419771
18,avijit.mohanty,45897,CREDIT_PENDING,"[""FOIR""]",358207
19,pranjusha.periyambra,45952,INITIATED,"[""FOIR"", ""OVERDUES""]",240635
20,pranjusha.periyambra,46133,INITIATED,"[""FOIR""]",429218
21,avijit.mohanty,46169,CREDIT_PENDING,"[""FOIR""]",401630
22,pranjusha.periyambra,46469,INITIATED,"[""FOIR""]",2509
23,avijit.mohanty,46484,INITIATED,"[""FOIR""]",201390
24,preetham.shetty,46487,INITIATED,"[""MCA_NOT_FOUND""]",434280
25,pranjusha.periyambra,46530,INITIATED,"[""FOIR""]",24630
26,preetham.shetty,46546,INITIATED,"[""FOIR""]",434544
27,avijit.mohanty,46581,INITIATED,"[""FOIR""]",400115
28,pranjusha.periyambra,46641,INITIATED,"[""FOIR""]",413732
29,shreyas.r,46670,CREDIT_PENDING,"[""FOIR""]",390521
30,pranjusha.periyambra,46736,INITIATED,"[""FOIR""]",431258
31,prashanth.eswaramoorti,46841,INITIATED,"[""FOIR""]",438740
32,avijit.mohanty,46858,CREDIT_PENDING,"[""FOIR""]",436796
33,lakshmidevi.m,46860,CREDIT_PENDING,"[""FOIR""]",218668
34,sumalatha.thadimari,46909,INITIATED,"[""FOIR""]",420237
35,preetham.shetty,46914,INITIATED,"[""FOIR""]",20505
36,preetham.shetty,46943,INITIATED,"[""FOIR""]",174782
37,chandrakala.nb,46951,INITIATED,"[""FOIR""]",206551
38,namra.ruknuddin,47003,CREDIT_PENDING,"[""FOIR""]",73013
39,chandrakala.nb,47076,INITIATED,"[""MCA_NOT_FOUND""]",66083
40,avijit.mohanty,47114,CREDIT_PENDING,"[""MCA_NOT_FOUND""]",298519
41,preetham.shetty,47117,INITIATED,"[""FOIR""]",414166
42,namra.ruknuddin,47126,CREDIT_PENDING,"[""FOIR""]",437562
43,sumalatha.thadimari,47135,CREDIT_PENDING,"[""FOIR""]",439654
44,sumalatha.thadimari,47140,CREDIT_PENDING,"[""FOIR""]",441633
45,thirunaukkarasu.v,47158,CREDIT_PENDING,"[""FOIR""]",174515
46,chandrakala.nb,47159,INITIATED,"[""FOIR"", ""CHEQUE_BOUNCES""]",60972
47,anurag.prateek,47186,CREDIT_PENDING,"[""FOIR""]",437560
48,sumalatha.thadimari,47195,INITIATED,"[""FOIR""]",261045
49,preetham.shetty,47205,INITIATED,"[""FOIR""]",17182
50,namra.ruknuddin,47225,CREDIT_PENDING,"[""FOIR""]",443366
51,namra.ruknuddin,47227,CREDIT_PENDING,"[""FOIR""]",443414
52,avijit.mohanty,47233,CREDIT_PENDING,"[""FOIR""]",438754
53,sumalatha.thadimari,47238,CREDIT_PENDING,"[""FOIR""]",443457
54,preetham.shetty,47241,INITIATED,"[""FOIR""]",440708
55,pranjusha.periyambra,47244,INITIATED,"[""MCA_NOT_FOUND""]",111852
56,preetham.shetty,47253,INITIATED,"[""FOIR""]",438834
57,shreyas.r,47256,CREDIT_PENDING,"[""FOIR""]",440762
58,vineeth.s,47257,INITIATED,"[""MCA_NOT_FOUND""]",22247
59,siddharthan.l,47258,INITIATED,"[""FOIR""]",301317
60,sumalatha.thadimari,47291,CREDIT_PENDING,"[""FOIR""]",430185
61,preetham.shetty,47307,INITIATED,"[""MCA_NOT_FOUND""]",444150
62,sumalatha.thadimari,47327,CREDIT_PENDING,"[""FOIR""]",444261
63,preetham.shetty,47348,INITIATED,"[""MCA_NOT_FOUND""]",444390
64,preetham.shetty,47351,INITIATED,"[""MCA_NOT_FOUND""]",79431
65,anurag.prateek,47366,CREDIT_PENDING,"[""FOIR""]",444502
66,preetham.shetty,47372,INITIATED,"[""FOIR""]",394908
67,sumalatha.thadimari,47375,INITIATED,"[""FOIR""]",443702
68,sumalatha.thadimari,47381,INITIATED,"[""FOIR""]",387375
69,vineeth.s,47390,INITIATED,"[""MCA_NOT_FOUND""]",425436
70,sumalatha.thadimari,47393,INITIATED,"[""FOIR""]",99879
71,vineeth.s,47397,INCOMPLETE_INFO,"[""FOIR""]",403651
72,vineeth.s,47400,INITIATED,"[""FOIR""]",445451
73,vineeth.s,47418,INITIATED,"[""FOIR""]",443424
74,anurag.prateek,47463,CREDIT_PENDING,"[""FOIR""]",446127
75,vineeth.s,47464,INITIATED,"[""MCA_NOT_FOUND""]",444754
76,lakshmidevi.m,47473,INITIATED,"[""FOIR""]",86299
77,lakshmidevi.m,47488,INITIATED,"[""MCA_NOT_FOUND""]",439985
78,lakshmidevi.m,47489,INITIATED,"[""FOIR""]",439764
79,lakshmidevi.m,47490,INITIATED,"[""FOIR""]",444658
80,lakshmidevi.m,47492,INITIATED,"[""FOIR""]",446454
81,lakshmidevi.m,47494,INITIATED,"[""FOIR""]",438430
82,lakshmidevi.m,47497,INITIATED,"[""FOIR""]",71542
83,preetham.shetty,47507,INITIATED,"[""FOIR""]",48292
84,namra.ruknuddin,47520,CREDIT_PENDING,"[""FOIR""]",277738
85,preetham.shetty,47521,INITIATED,"[""FOIR""]",446847
86,sumalatha.thadimari,47525,INITIATED,"[""FOIR""]",152698
87,preetham.shetty,47527,INITIATED,"[""MCA_NOT_FOUND""]",60473
88,preetham.shetty,47536,INITIATED,"[""FOIR""]",446904
89,vineeth.s,47537,INITIATED,"[""MCA_NOT_FOUND""]",147389
90,vineeth.s,47539,INITIATED,"[""MCA_NOT_FOUND""]",305718
91,vineeth.s,47540,INITIATED,"[""MCA_NOT_FOUND""]",439508
92,avijit.mohanty,47541,INITIATED,"[""FOIR""]",429443
93,avijit.mohanty,47543,INITIATED,"[""FOIR""]",307716
94,avijit.mohanty,47546,INITIATED,"[""FOIR""]",447149
95,k.sowmith,47549,INITIATED,"[""MCA_NOT_FOUND""]",112021
96,k.sowmith,47550,INITIATED,"[""FOIR""]",352206
97,preetham.shetty,47558,INITIATED,"[""FOIR""]",446410
98,vineeth.s,47569,INITIATED,"[""MCA_NOT_FOUND""]",447525
99,sumalatha.thadimari,47572,INITIATED,"[""FOIR""]",427224
100,chandrakala.nb,47577,CREDIT_PENDING,"[""FOIR""]",92256
101,sumalatha.thadimari,47586,INITIATED,"[""FOIR""]",446196
102,sumalatha.thadimari,47587,INITIATED,"[""FOIR""]",307862
103,vineeth.s,47593,INITIATED,"[""FOIR""]",443731
104,vineeth.s,47594,INITIATED,"[""FOIR""]",80236
105,aparajita.bariyar,47600,INITIATED,"[""FOIR""]",443880
106,avijit.mohanty,47610,CREDIT_PENDING,"[""FOIR""]",382575
107,sumalatha.thadimari,47614,INITIATED,"[""FOIR""]",344778
108,sumalatha.thadimari,47616,INITIATED,"[""MCA_NOT_FOUND""]",445530
109,sumalatha.thadimari,47620,INITIATED,"[""FOIR""]",386548
110,sumalatha.thadimari,47621,INITIATED,"[""FOIR""]",448382
111,lakshmidevi.m,47623,INITIATED,"[""FOIR""]",447881
112,anurag.prateek,47634,INITIATED,"[""FOIR""]",43888
113,lakshmidevi.m,47635,INITIATED,"[""FOIR""]",448398
114,lakshmidevi.m,47639,INITIATED,"[""FOIR""]",448405
115,lakshmidevi.m,47640,INITIATED,"[""FOIR""]",448497
116,lakshmidevi.m,47641,INITIATED,"[""MCA_NOT_FOUND""]",448610
117,lakshmidevi.m,47644,INITIATED,"[""LLP_AND_PARTNERSHIP""]",404410
118,lakshmidevi.m,47645,INITIATED,"[""FOIR"", ""OVERDUES""]",442441
119,lakshmidevi.m,47646,INITIATED,"[""FOIR""]",444031
120,lakshmidevi.m,47647,INITIATED,"[""FOIR"", ""CIBIL_MIN"", ""OVERDUES""]",448625
121,sumalatha.thadimari,47659,INITIATED,"[""MCA_NOT_FOUND""]",440325
122,sumalatha.thadimari,47667,INITIATED,"[""FOIR""]",96117
123,sumalatha.thadimari,47668,INITIATED,"[""FOIR""]",448713
124,sumalatha.thadimari,47669,INITIATED,"[""FOIR""]",117906
125,preetham.shetty,47671,INITIATED,"[""FOIR""]",101679
126,preetham.shetty,47685,INITIATED,"[""FOIR""]",444983
127,sumalatha.thadimari,47686,INITIATED,"[""FOIR""]",448802
128,preetham.shetty,47688,INITIATED,"[""SALARY_MODE"", ""MCA_NOT_FOUND""]",374023
129,sumalatha.thadimari,47702,INITIATED,"[""FOIR""]",46180
130,preetham.shetty,47713,INITIATED,"[""MCA_NOT_FOUND""]",432858
131,sumalatha.thadimari,47714,INITIATED,"[""MCA_NOT_FOUND""]",310289
132,sumalatha.thadimari,47715,INITIATED,"[""FOIR""]",445163
133,sumalatha.thadimari,47723,INITIATED,"[""FOIR""]",26921
134,prashanth.eswaramoorti,47742,INITIATED,"[""FOIR""]",439507
135,avijit.mohanty,47756,INITIATED,"[""FOIR""]",47030
136,saurabh.singh,47758,INITIATED,"[""FOIR""]",225717
137,preetham.shetty,47783,INITIATED,"[""FOIR""]",450190
138,preetham.shetty,47796,INITIATED,"[""LLP_AND_PARTNERSHIP""]",450448
139,preetham.shetty,47806,INITIATED,"[""MCA_NOT_FOUND""]",440171
140,sumalatha.thadimari,47818,INITIATED,"[""FOIR"", ""OVERDUES""]",450835
141,sumalatha.thadimari,47819,INITIATED,"[""MCA_NOT_FOUND""]",448397
142,sumalatha.thadimari,47823,INITIATED,"[""FOIR""]",450049
143,sumalatha.thadimari,47827,INITIATED,"[""FOIR""]",382436
144,sumalatha.thadimari,47828,INITIATED,"[""FOIR""]",449611
145,sumalatha.thadimari,47830,INITIATED,"[""FOIR""]",450544
146,sumalatha.thadimari,47831,INITIATED,"[""FOIR""]",36672
147,sumalatha.thadimari,47833,INITIATED,"[""FOIR""]",440105
148,sumalatha.thadimari,47835,INITIATED,"[""FOIR""]",451048
149,sumalatha.thadimari,47837,INITIATED,"[""FOIR""]",52302
150,sumalatha.thadimari,47840,INITIATED,"[""FOIR""]",451104
151,sumalatha.thadimari,47841,INITIATED,"[""FOIR"", ""OVERDUES""]",451114
152,siddharthan.l,47845,INITIATED,"[""FOIR""]",285326
153,sumalatha.thadimari,47852,INITIATED,"[""FOIR"", ""MCA_NOT_FOUND""]",451275
154,preetham.shetty,47871,INITIATED,"[""MCA_NOT_FOUND""]",204203
155,avijit.mohanty,47876,CREDIT_PENDING,"[""FOIR""]",95698
156,preetham.shetty,47887,INITIATED,"[""FOIR""]",451326
157,preetham.shetty,47889,INITIATED,"[""PROPRIETORSHIP""]",308818
158,preetham.shetty,47894,INITIATED,"[""FOIR""]",451867
159,prashanth.eswaramoorti,47916,INITIATED,"[""FOIR""]",450043
160,siddharthan.l,47936,INITIATED,"[""FOIR""]",450760
161,siddharthan.l,47937,INITIATED,"[""FOIR""]",123380
162,siddharthan.l,47940,INITIATED,"[""FOIR""]",375579
163,siddharthan.l,47944,INITIATED,"[""FOIR""]",452784
164,aparajita.bariyar,47947,INITIATED,"[""FOIR""]",76757
165,preetham.shetty,47948,INITIATED,"[""FOIR""]",450438
166,preetham.shetty,47952,INITIATED,"[""FOIR""]",442534
167,prashanth.eswaramoorti,47967,INITIATED,"[""FOIR"", ""OVERDUES""]",310529
168,prashanth.eswaramoorti,47970,INITIATED,"[""FOIR""]",452818
169,prashanth.eswaramoorti,47972,INITIATED,"[""PROPRIETORSHIP""]",450701
170,sumalatha.thadimari,47977,INITIATED,"[""FOIR""]",420587
171,preetham.shetty,48001,INITIATED,"[""MCA_NOT_FOUND""]",181109
172,preetham.shetty,48002,INITIATED,"[""FOIR""]",453672
173,lakshmidevi.m,48028,INITIATED,"[""FOIR""]",453670
174,prashanth.eswaramoorti,48029,INITIATED,"[""FOIR""]",25126
175,lakshmidevi.m,48031,INITIATED,"[""MCA_NOT_FOUND""]",446508
176,lakshmidevi.m,48032,INITIATED,"[""MCA_NOT_FOUND""]",418343
177,lakshmidevi.m,48037,INITIATED,"[""FOIR"", ""CIBIL_MIN"", ""OVERDUES""]",447224
178,siddharthan.l,48044,INITIATED,"[""FOIR""]",35790
179,siddharthan.l,48049,INITIATED,"[""FOIR""]",447568
180,siddharthan.l,48050,INITIATED,"[""FOIR""]",453018
181,lakshmidevi.m,48069,INITIATED,"[""FOIR""]",450564
182,lakshmidevi.m,48071,INITIATED,"[""FOIR""]",384864
183,anurag.prateek,48087,CREDIT_PENDING,"[""FOIR"", ""OTHER""]",321877
184,prashanth.eswaramoorti,48104,INITIATED,"[""FOIR""]",29471
185,lakshmidevi.m,48105,INITIATED,"[""FOIR""]",452929
186,sumalatha.thadimari,48111,INITIATED,"[""FOIR""]",454557
187,lakshmidevi.m,48117,INITIATED,"[""FOIR""]",88393
188,lakshmidevi.m,48118,INITIATED,"[""FOIR""]",82672
189,prashanth.eswaramoorti,48122,INITIATED,"[""FOIR""]",47047
190,shreyas.r,48132,CREDIT_PENDING,"[""MCA_NOT_FOUND""]",100443
191,prashanth.eswaramoorti,48137,INITIATED,"[""PROPRIETORSHIP""]",99678
192,prashanth.eswaramoorti,48140,INITIATED,"[""FOIR""]",125560
193,prashanth.eswaramoorti,48141,INITIATED,"[""FOIR""]",134406
194,prashanth.eswaramoorti,48142,INITIATED,"[""PROPRIETORSHIP""]",436372
195,prashanth.eswaramoorti,48147,INITIATED,"[""FOIR""]",735
196,prashanth.eswaramoorti,48148,INITIATED,"[""FOIR""]",454788
197,anurag.prateek,48150,CREDIT_PENDING,"[""FOIR""]",454804
198,aparajita.bariyar,48151,INITIATED,"[""FOIR""]",120134
199,namra.ruknuddin,48179,CREDIT_PENDING,"[""PROPRIETORSHIP""]",440820
200,siddharthan.l,48182,INITIATED,"[""FOIR""]",455198
201,siddharthan.l,48185,INITIATED,"[""FOIR""]",411948
202,siddharthan.l,48188,INITIATED,"[""FOIR""]",455370
203,siddharthan.l,48189,INITIATED,"[""PROPRIETORSHIP""]",455122
204,shreyas.r,48205,CREDIT_PENDING,"[""FOIR""]",453512
205,siddharthan.l,48208,INITIATED,"[""FOIR""]",455681
206,siddharthan.l,48210,INITIATED,"[""FOIR""]",455722
207,siddharthan.l,48215,INITIATED,"[""FOIR""]",148980
208,siddharthan.l,48216,INITIATED,"[""FOIR""]",454434
209,siddharthan.l,48224,INITIATED,"[""FOIR"", ""CIBIL_MIN""]",41099
210,siddharthan.l,48234,INITIATED,"[""FOIR""]",456211
211,siddharthan.l,48235,INITIATED,"[""FOIR""]",348501
212,siddharthan.l,48236,INITIATED,"[""FOIR"", ""CIBIL_MIN"", ""OVERDUES"", ""CHEQUE_BOUNCES""]",450819
213,siddharthan.l,48237,INITIATED,"[""FOIR"", ""CIBIL_MIN"", ""OVERDUES""]",109304
214,siddharthan.l,48239,INITIATED,"[""FOIR""]",435555
215,anurag.prateek,48248,INITIATED,"[""FOIR""]",157273
216,lakshmidevi.m,48251,INITIATED,"[""FOIR""]",423032
217,siddharthan.l,48252,INITIATED,"[""FOIR""]",409260
218,shreyas.r,48262,INITIATED,"[""FOIR""]",274627
219,shreyas.r,48272,INITIATED,"[""MCA_NOT_FOUND""]",453479
220,avijit.mohanty,48274,INITIATED,"[""FOIR"", ""OVERDUES""]",456853
221,avijit.mohanty,48279,INITIATED,"[""MULTIPLE_DEFAULTS"", ""MCA_NOT_FOUND""]",333980
222,anurag.prateek,48300,CREDIT_PENDING,"[""FOIR"", ""OTHER""]",457361
223,chandrakala.nb,48304,INITIATED,"[""FOIR""]",455392
224,chandrakala.nb,48305,INITIATED,"[""FOIR""]",420979
225,chandrakala.nb,48306,INITIATED,"[""FOIR""]",100388
226,chandrakala.nb,48319,CREDIT_PENDING,"[""FOIR""]",337088
227,lakshmidevi.m,48320,INITIATED,"[""MCA_NOT_FOUND""]",450078
228,lakshmidevi.m,48322,INITIATED,"[""FOIR""]",329675
229,lakshmidevi.m,48352,INITIATED,"[""FOIR""]",140981
230,lakshmidevi.m,48353,INITIATED,"[""FOIR""]",407490
231,lakshmidevi.m,48354,INITIATED,"[""FOIR""]",427019
232,lakshmidevi.m,48356,INITIATED,"[""FOIR""]",447602
233,lakshmidevi.m,48358,INITIATED,"[""MCA_NOT_FOUND""]",452549
234,sumalatha.thadimari,48372,INITIATED,"[""FOIR""]",437502
235,vineeth.s,48375,INITIATED,"[""FOIR""]",456141
236,avijit.mohanty,48381,CREDIT_PENDING,"[""FOIR""]",246659
237,vineeth.s,48394,INITIATED,"[""MCA_NOT_FOUND""]",448582
238,vineeth.s,48395,INITIATED,"[""SALARY_MODE"", ""MCA_NOT_FOUND""]",356176
239,sumalatha.thadimari,48401,INITIATED,"[""FOIR""]",75751
240,pranjusha.periyambra,48417,INITIATED,"[""FOIR""]",456150
241,aparajita.bariyar,48422,INITIATED,"[""FOIR""]",439697
242,pranjusha.periyambra,48423,INITIATED,"[""FOIR""]",439697
243,sumalatha.thadimari,48424,INITIATED,"[""FOIR""]",194282
244,pranjusha.periyambra,48425,INITIATED,"[""MCA_NOT_FOUND""]",443521
245,pranjusha.periyambra,48427,INITIATED,"[""MCA_NOT_FOUND""]",446022
246,prashanth.eswaramoorti,48450,INITIATED,"[""FOIR"", ""CIBIL_MIN"", ""OVERDUES""]",456811
247,prashanth.eswaramoorti,48451,INITIATED,"[""MCA_NOT_FOUND""]",356848
248,prashanth.eswaramoorti,48469,INITIATED,"[""FOIR""]",454658
249,prashanth.eswaramoorti,48471,INITIATED,"[""FOIR""]",86452
250,anurag.prateek,48476,CREDIT_PENDING,"[""FOIR""]",334767
251,prashanth.eswaramoorti,48482,INITIATED,"[""MCA_NOT_FOUND""]",379643
252,namra.ruknuddin,48489,CREDIT_PENDING,"[""FOIR""]",450272
253,siddharthan.l,48500,INITIATED,"[""FOIR""]",239880
254,siddharthan.l,48507,INITIATED,"[""FOIR""]",453035
255,shreyas.r,48518,CREDIT_PENDING,"[""FOIR""]",324582
256,siddharthan.l,48519,INITIATED,"[""FOIR""]",110723
257,preetham.shetty,48531,INITIATED,"[""FOIR""]",65209
258,pranjusha.periyambra,48536,INITIATED,"[""FOIR""]",458876
259,pranjusha.periyambra,48538,INITIATED,"[""FOIR"", ""MCA_NOT_FOUND""]",353703
260,pranjusha.periyambra,48539,INITIATED,"[""MCA_NOT_FOUND"", ""CHEQUE_BOUNCES""]",75260
261,pranjusha.periyambra,48540,INITIATED,"[""SALARY_MIN"", ""MCA_NOT_FOUND""]",450659
262,pranjusha.periyambra,48546,INITIATED,"[""FOIR""]",398411
263,sumalatha.thadimari,48552,INITIATED,"[""WRITTEN_OFFS"", ""MCA_NOT_FOUND""]",344234
264,sumalatha.thadimari,48553,INITIATED,"[""FOIR""]",193286
265,namra.ruknuddin,48569,CREDIT_PENDING,"[""FOIR""]",436202
266,namra.ruknuddin,48578,CREDIT_PENDING,"[""FOIR""]",377522
267,lakshmidevi.m,48581,INITIATED,"[""FOIR"", ""CIBIL_MIN"", ""OVERDUES""]",460054
268,siddharthan.l,48592,INITIATED,"[""MCA_NOT_FOUND""]",303104
269,siddharthan.l,48594,INITIATED,"[""FOIR""]",4409
270,siddharthan.l,48597,INITIATED,"[""FOIR""]",70418
271,vineeth.s,48611,INITIATED,"[""FOIR"", ""OVERDUES"", ""CHEQUE_BOUNCES""]",460592
272,lakshmidevi.m,48618,INITIATED,"[""FOIR""]",460648
273,vineeth.s,48619,INITIATED,"[""FOIR""]",344298
274,vineeth.s,48622,INITIATED,"[""FOIR""]",457337
275,pranjusha.periyambra,48642,INITIATED,"[""PROPRIETORSHIP""]",456537
276,pranjusha.periyambra,48645,INITIATED,"[""PROPRIETORSHIP""]",318661
277,pranjusha.periyambra,48650,INITIATED,"[""FOIR""]",460606
278,lakshmidevi.m,48666,INITIATED,"[""FOIR""]",427117
279,lakshmidevi.m,48667,INITIATED,"[""FOIR""]",460938
280,lakshmidevi.m,48673,INITIATED,"[""FOIR""]",83343
281,aparajita.bariyar,48695,INITIATED,"[""FOIR""]",460093
282,aparajita.bariyar,48705,INITIATED,"[""FOIR""]",455592
283,aparajita.bariyar,48708,INITIATED,"[""LLP_AND_PARTNERSHIP""]",461299
284,vineeth.s,48709,INITIATED,"[""FOIR""]",218087
285,aparajita.bariyar,48711,INITIATED,"[""FOIR""]",457630
286,thirunaukkarasu.v,48724,CREDIT_PENDING,"[""PROPRIETORSHIP""]",415449
287,aparajita.bariyar,48726,INITIATED,"[""FOIR""]",459823
288,pranjusha.periyambra,48727,INITIATED,"[""FOIR""]",359641
289,pranjusha.periyambra,48746,INITIATED,"[""FOIR""]",461163
290,pranjusha.periyambra,48747,INITIATED,"[""FOIR""]",330475
291,siddharthan.l,48771,INITIATED,"[""MCA_NOT_FOUND""]",461485
292,siddharthan.l,48772,INITIATED,"[""FOIR""]",84135
293,siddharthan.l,48773,INITIATED,"[""PROPRIETORSHIP""]",456
294,siddharthan.l,48776,INITIATED,"[""FOIR""]",61766
295,siddharthan.l,48778,INITIATED,"[""FOIR""]",63853
296,siddharthan.l,48780,INITIATED,"[""FOIR""]",429588
297,siddharthan.l,48781,INITIATED,"[""MCA_NOT_FOUND""]",287738
298,siddharthan.l,48786,INITIATED,"[""FOIR""]",230936
299,siddharthan.l,48791,INITIATED,"[""FOIR""]",458908
300,siddharthan.l,48792,INITIATED,"[""MCA_NOT_FOUND""]",437229
301,siddharthan.l,48830,INITIATED,"[""FOIR""]",462976
302,lakshmidevi.m,48837,INITIATED,"[""MCA_NOT_FOUND""]",445705
303,prashanth.eswaramoorti,48839,INITIATED,"[""PROPRIETORSHIP""]",458321
304,vineeth.s,48851,INITIATED,"[""MCA_NOT_FOUND""]",321282
305,sumalatha.thadimari,48852,INITIATED,"[""FOIR""]",462779
306,siddharthan.l,48867,INITIATED,"[""FOIR""]",461152
307,vineeth.s,48876,INITIATED,"[""MCA_NOT_FOUND""]",97467
308,vineeth.s,48878,INITIATED,"[""FOIR""]",408971
309,lakshmidevi.m,48886,INITIATED,"[""FOIR""]",302874
310,aparajita.bariyar,48890,INITIATED,"[""FOIR""]",391771
311,anurag.prateek,48899,CREDIT_PENDING,"[""FOIR""]",457896
312,pranjusha.periyambra,48902,INITIATED,"[""FOIR""]",84258
313,lakshmidevi.m,48904,INITIATED,"[""MCA_NOT_FOUND""]",463214
314,sumalatha.thadimari,48907,INITIATED,"[""FOIR""]",403923
315,sumalatha.thadimari,48908,INITIATED,"[""SALARY_MODE"", ""MCA_NOT_FOUND""]",460050
316,aparajita.bariyar,48914,INITIATED,"[""PROPRIETORSHIP""]",459403
317,aparajita.bariyar,48917,INITIATED,"[""LLP_AND_PARTNERSHIP""]",460723
318,sumalatha.thadimari,48961,INITIATED,"[""MCA_NOT_FOUND""]",461512
319,sumalatha.thadimari,48962,INITIATED,"[""FOIR""]",464382
320,aparajita.bariyar,48963,INITIATED,"[""FOIR""]",113597
321,sumalatha.thadimari,48964,INITIATED,"[""FOIR""]",464262
322,siddharthan.l,48982,INITIATED,"[""FOIR""]",461915
323,anurag.prateek,48987,CREDIT_PENDING,"[""FOIR""]",464661
324,siddharthan.l,48988,INITIATED,"[""FOIR""]",464488
325,preetham.shetty,48999,INITIATED,"[""MCA_NOT_FOUND""]",457159
326,preetham.shetty,49000,INITIATED,"[""FOIR""]",420937
327,preetham.shetty,49009,INITIATED,"[""PROPRIETORSHIP""]",464962
328,lakshmidevi.m,49012,INITIATED,"[""FOIR""]",287016
329,vineeth.s,49013,INITIATED,"[""FOIR""]",464785
330,pranjusha.periyambra,49032,INITIATED,"[""FOIR""]",160326
331,pranjusha.periyambra,49034,INITIATED,"[""FOIR"", ""OVERDUES""]",448389
332,preetham.shetty,49051,INITIATED,"[""FOIR""]",465705
333,preetham.shetty,49052,INITIATED,"[""FOIR""]",464047
334,pranjusha.periyambra,49081,INITIATED,"[""MCA_NOT_FOUND""]",465228
335,sumalatha.thadimari,49088,INITIATED,"[""FOIR""]",445658
336,sumalatha.thadimari,49089,INITIATED,"[""FOIR""]",464680
337,sumalatha.thadimari,49091,INITIATED,"[""FOIR""]",407705
338,sumalatha.thadimari,49093,INITIATED,"[""FOIR""]",302559
339,siddharthan.l,49095,INITIATED,"[""FOIR""]",463439
340,siddharthan.l,49100,INITIATED,"[""FOIR""]",446429
341,preetham.shetty,49102,INITIATED,"[""FOIR""]",383631
342,avijit.mohanty,49112,CREDIT_PENDING,"[""FOIR""]",466183
343,lakshmidevi.m,49116,INITIATED,"[""FOIR""]",50027
344,pranjusha.periyambra,49118,INITIATED,"[""FOIR""]",1766
345,sumalatha.thadimari,49119,INITIATED,"[""FOIR"", ""CIBIL_MIN"", ""OVERDUES""]",466426
346,sumalatha.thadimari,49121,INITIATED,"[""FOIR"", ""CIBIL_MIN"", ""OVERDUES""]",233807
347,sumalatha.thadimari,49122,INITIATED,"[""FOIR""]",454559
348,sumalatha.thadimari,49123,INITIATED,"[""FOIR""]",450816
349,pranjusha.periyambra,49138,INITIATED,"[""FOIR""]",117332
350,sumalatha.thadimari,49140,INITIATED,"[""MCA_NOT_FOUND""]",435271
351,sumalatha.thadimari,49144,INITIATED,"[""FOIR""]",466486
352,siddharthan.l,49150,INITIATED,"[""FOIR""]",56554
353,siddharthan.l,49151,INITIATED,"[""FOIR""]",205616
354,shreyas.r,49156,CREDIT_PENDING,"[""FOIR""]",466682
355,lakshmidevi.m,49160,INITIATED,"[""SALARY_MIN"", ""MCA_NOT_FOUND""]",455714
356,lakshmidevi.m,49161,INITIATED,"[""FOIR""]",156722
357,lakshmidevi.m,49162,INITIATED,"[""FOIR""]",277517
358,lakshmidevi.m,49164,INITIATED,"[""FOIR""]",461186
359,lakshmidevi.m,49165,INITIATED,"[""FOIR"", ""OVERDUES""]",466795
360,lakshmidevi.m,49169,INITIATED,"[""PROPRIETORSHIP""]",465962
361,lakshmidevi.m,49170,INITIATED,"[""FOIR""]",363724
362,lakshmidevi.m,49174,INITIATED,"[""MCA_NOT_FOUND""]",441587
363,lakshmidevi.m,49177,INITIATED,"[""MCA_NOT_FOUND""]",466703
364,lakshmidevi.m,49181,INITIATED,"[""FOIR""]",461546
365,lakshmidevi.m,49182,INITIATED,"[""FOIR"", ""CIBIL_MIN"", ""OVERDUES""]",460396
366,lakshmidevi.m,49187,INITIATED,"[""FOIR""]",422140
367,aparajita.bariyar,49195,INITIATED,"[""LLP_AND_PARTNERSHIP""]",462668
368,lakshmidevi.m,49199,INITIATED,"[""FOIR""]",466338
369,lakshmidevi.m,49200,INITIATED,"[""FOIR""]",454227
370,prashanth.eswaramoorti,49201,INITIATED,"[""PROPRIETORSHIP""]",460441
371,pranjusha.periyambra,49228,INITIATED,"[""MCA_NOT_FOUND""]",467346
372,pranjusha.periyambra,49234,INITIATED,"[""FOIR""]",198353
373,pranjusha.periyambra,49240,INITIATED,"[""FOIR""]",47850
374,pranjusha.periyambra,49241,INITIATED,"[""MCA_NOT_FOUND""]",467436
375,lakshmidevi.m,49244,INITIATED,"[""FOIR""]",273314
376,pranjusha.periyambra,49245,INITIATED,"[""FOIR"", ""CIBIL_MIN""]",145284
377,pranjusha.periyambra,49250,INITIATED,"[""MCA_NOT_FOUND""]",466610
378,shreyas.r,49268,CREDIT_PENDING,"[""FOIR""]",467807
379,siddharthan.l,49279,INITIATED,"[""FOIR""]",19445
380,thirunaukkarasu.v,49290,CREDIT_PENDING,"[""FOIR""]",468128
381,siddharthan.l,49292,INITIATED,"[""FOIR""]",468338
382,pranjusha.periyambra,49304,INITIATED,"[""MCA_NOT_FOUND""]",449793
383,lakshmidevi.m,49306,INITIATED,"[""FOIR""]",468488
384,pranjusha.periyambra,49307,INITIATED,"[""FOIR""]",468358
385,pranjusha.periyambra,49323,INITIATED,"[""FOIR""]",468800
386,siddharthan.l,49325,INITIATED,"[""FOIR""]",464600
387,siddharthan.l,49327,INITIATED,"[""FOIR""]",384103
388,siddharthan.l,49328,INITIATED,"[""FOIR""]",461839
389,siddharthan.l,49336,INITIATED,"[""FOIR""]",468864
390,shreyas.r,49343,CREDIT_PENDING,"[""FOIR""]",465872
391,pranjusha.periyambra,49349,INITIATED,"[""FOIR""]",448932
392,pranjusha.periyambra,49352,INITIATED,"[""MCA_NOT_FOUND""]",465427
393,pranjusha.periyambra,49353,INITIATED,"[""FOIR""]",135717
394,aparajita.bariyar,49354,INITIATED,"[""FOIR""]",469193
395,pranjusha.periyambra,49355,INITIATED,"[""FOIR""]",468266
396,namra.ruknuddin,49366,CREDIT_PENDING,"[""FOIR""]",454206
397,siddharthan.l,49367,INITIATED,"[""PROPRIETORSHIP""]",125503
398,siddharthan.l,49372,INITIATED,"[""FOIR""]",457120
399,pranjusha.periyambra,49378,INITIATED,"[""FOIR""]",73246
400,pranjusha.periyambra,49410,INITIATED,"[""FOIR"", ""OVERDUES""]",469703
401,pranjusha.periyambra,49416,INITIATED,"[""MCA_NOT_FOUND""]",409731
402,pranjusha.periyambra,49417,INITIATED,"[""FOIR""]",469830
403,preetham.shetty,49419,INITIATED,"[""PROPRIETORSHIP""]",469405
404,aparajita.bariyar,49437,INITIATED,"[""FOIR""]",450097
405,aparajita.bariyar,49446,INITIATED,"[""FOIR""]",459722
406,avijit.mohanty,49466,CREDIT_PENDING,"[""FOIR""]",470279
407,sumalatha.thadimari,49478,INITIATED,"[""FOIR""]",449744
408,lakshmidevi.m,49479,INITIATED,"[""FOIR"", ""CHEQUE_BOUNCES""]",467538
409,lakshmidevi.m,49480,INITIATED,"[""FOIR""]",234357
410,lakshmidevi.m,49494,INITIATED,"[""FOIR""]",399594
411,lakshmidevi.m,49495,INITIATED,"[""LLP_AND_PARTNERSHIP""]",355034
412,lakshmidevi.m,49503,INITIATED,"[""FOIR""]",102216
413,lakshmidevi.m,49506,INITIATED,"[""FOIR""]",98329
414,lakshmidevi.m,49507,INITIATED,"[""FOIR""]",470924
415,lakshmidevi.m,49511,INITIATED,"[""MCA_NOT_FOUND""]",458231
416,shreyas.r,49520,CREDIT_PENDING,"[""FOIR""]",471363
417,siddharthan.l,49523,INITIATED,"[""FOIR""]",71361
418,sumalatha.thadimari,49536,CREDIT_PENDING,"[""FOIR""]",471643
419,lakshmidevi.m,49538,INITIATED,"[""FOIR""]",423709
420,prashanth.eswaramoorti,49539,INITIATED,"[""FOIR""]",471602
421,lakshmidevi.m,49540,INITIATED,"[""FOIR""]",452572
422,sumalatha.thadimari,49544,INITIATED,"[""FOIR""]",471494
423,sumalatha.thadimari,49546,INITIATED,"[""MCA_NOT_FOUND""]",470120
424,sumalatha.thadimari,49548,INITIATED,"[""FOIR""]",471319
425,shreyas.r,49576,CREDIT_PENDING,"[""FOIR""]",455257
426,sumalatha.thadimari,49585,INITIATED,"[""FOIR""]",450238
427,sumalatha.thadimari,49586,INITIATED,"[""FOIR"", ""OVERDUES""]",96722
428,sumalatha.thadimari,49587,INITIATED,"[""FOIR""]",99851
429,sumalatha.thadimari,49598,INITIATED,"[""FOIR""]",83429
430,sumalatha.thadimari,49602,INITIATED,"[""MCA_NOT_FOUND""]",443199
431,siddharthan.l,49603,INITIATED,"[""MCA_NOT_FOUND""]",447900
432,prashanth.eswaramoorti,49612,INITIATED,"[""FOIR""]",472708
433,siddharthan.l,49617,INITIATED,"[""FOIR""]",471970
434,vineeth.s,49618,INITIATED,"[""MCA_NOT_FOUND""]",78163
435,siddharthan.l,49626,INITIATED,"[""FOIR""]",108914
436,siddharthan.l,49632,INITIATED,"[""FOIR""]",462972
437,siddharthan.l,49642,INITIATED,"[""FOIR""]",473041
438,prashanth.eswaramoorti,49653,INITIATED,"[""FOIR""]",472925
439,sumalatha.thadimari,49660,INITIATED,"[""FOIR"", ""OVERDUES""]",42409
440,prashanth.eswaramoorti,49672,INITIATED,"[""FOIR""]",435854
441,prashanth.eswaramoorti,49673,INITIATED,"[""PROPRIETORSHIP""]",24702
442,preetham.shetty,49677,INITIATED,"[""FOIR""]",93218
443,lakshmidevi.m,49687,INITIATED,"[""FOIR""]",38803
444,prashanth.eswaramoorti,49688,INITIATED,"[""FOIR""]",42716
445,thirunaukkarasu.v,49694,CREDIT_PENDING,"[""FOIR""]",387879
446,prashanth.eswaramoorti,49695,INITIATED,"[""FOIR"", ""CIBIL_MIN"", ""OVERDUES""]",73838
447,lakshmidevi.m,49703,INITIATED,"[""FOIR"", ""OVERDUES""]",473335
448,vineeth.s,49708,INITIATED,"[""MCA_NOT_FOUND""]",443998
449,lakshmidevi.m,49709,INITIATED,"[""PROPRIETORSHIP""]",467566
450,prashanth.eswaramoorti,49723,INITIATED,"[""FOIR""]",458770
451,sumalatha.thadimari,49727,INITIATED,"[""FOIR""]",417576
452,siddharthan.l,49728,INITIATED,"[""FOIR""]",23244
453,lakshmidevi.m,49731,INITIATED,"[""MCA_NOT_FOUND""]",474138
454,pranjusha.periyambra,49733,INITIATED,"[""FOIR""]",115580
455,siddharthan.l,49735,INITIATED,"[""FOIR""]",467789
456,vineeth.s,49736,INITIATED,"[""FOIR"", ""CIBIL_MIN""]",474651
457,sumalatha.thadimari,49746,INITIATED,"[""FOIR""]",432447
458,sumalatha.thadimari,49753,INITIATED,"[""FOIR""]",474840
459,anurag.prateek,49779,CREDIT_PENDING,"[""PAID_UP_CAPITAL_MIN"", ""MCA_NOT_FOUND"", ""MCA_STRIKE_OFF""]",471266
460,pranjusha.periyambra,49780,INITIATED,"[""MCA_NOT_FOUND""]",128248
461,siddharthan.l,49782,INITIATED,"[""FOIR""]",468612
462,lakshmidevi.m,49783,INITIATED,"[""FOIR""]",474254
463,preetham.shetty,49784,INITIATED,"[""FOIR""]",57816
464,lakshmidevi.m,49792,INITIATED,"[""FOIR""]",126645
465,aparajita.bariyar,49793,INITIATED,"[""FOIR""]",55246
466,sumalatha.thadimari,49795,INITIATED,"[""FOIR""]",395384
467,aparajita.bariyar,49813,INITIATED,"[""FOIR""]",475388
468,shreyas.r,49827,CREDIT_PENDING,"[""FOIR""]",475399
469,aparajita.bariyar,49828,INITIATED,"[""FOIR""]",475476
470,aparajita.bariyar,49830,INITIATED,"[""FOIR""]",467724
471,lakshmidevi.m,49832,INITIATED,"[""FOIR""]",475523
472,pranjusha.periyambra,49836,INITIATED,"[""FOIR""]",79096
473,preetham.shetty,49837,INITIATED,"[""FOIR""]",189604
474,pranjusha.periyambra,49842,INITIATED,"[""FOIR""]",396754
475,pranjusha.periyambra,49845,INITIATED,"[""FOIR""]",463162
476,pranjusha.periyambra,49846,INITIATED,"[""FOIR""]",164059
477,sumalatha.thadimari,49858,INITIATED,"[""PROPRIETORSHIP""]",471920
478,pranjusha.periyambra,49859,INITIATED,"[""MCA_NOT_FOUND""]",245478
479,pranjusha.periyambra,49860,INITIATED,"[""FOIR""]",191538
480,pranjusha.periyambra,49861,INITIATED,"[""MCA_NOT_FOUND""]",105533
481,sumalatha.thadimari,49868,INITIATED,"[""FOIR"", ""MCA_STRIKE_OFF""]",471871
482,sumalatha.thadimari,49869,INITIATED,"[""FOIR"", ""MCA_STRIKE_OFF""]",472755
483,sumalatha.thadimari,49870,INITIATED,"[""FOIR"", ""MCA_STRIKE_OFF""]",475730
484,sumalatha.thadimari,49872,INITIATED,"[""FOIR""]",265757
485,sumalatha.thadimari,49876,INITIATED,"[""FOIR""]",442618
486,lakshmidevi.m,49877,INITIATED,"[""FOIR""]",81386
487,sumalatha.thadimari,49879,INITIATED,"[""FOIR""]",475975
488,sumalatha.thadimari,49881,INITIATED,"[""FOIR""]",473218
489,sumalatha.thadimari,49883,INITIATED,"[""FOIR""]",461480
490,sumalatha.thadimari,49884,INITIATED,"[""FOIR""]",475850
491,sumalatha.thadimari,49885,INITIATED,"[""FOIR""]",284679
492,sumalatha.thadimari,49886,INITIATED,"[""OVERDUES"", ""MCA_NOT_FOUND""]",475937
493,sumalatha.thadimari,49888,INITIATED,"[""FOIR""]",475940
494,siddharthan.l,49891,INITIATED,"[""FOIR""]",475949
495,siddharthan.l,49892,INITIATED,"[""FOIR"", ""CIBIL_MIN""]",389827
496,siddharthan.l,49894,INITIATED,"[""FOIR""]",328255
497,siddharthan.l,49895,INITIATED,"[""FOIR""]",395621
498,siddharthan.l,49902,INITIATED,"[""FOIR""]",473825
499,siddharthan.l,49907,INITIATED,"[""MCA_NOT_FOUND""]",476211
500,siddharthan.l,49908,INITIATED,"[""FOIR""]",473432
501,preetham.shetty,49917,INITIATED,"[""FOIR""]",468751
502,lakshmidevi.m,49919,INITIATED,"[""FOIR""]",456064
503,lakshmidevi.m,49922,INITIATED,"[""FOIR""]",277413
504,vineeth.s,49928,INITIATED,"[""FOIR""]",476674
505,vineeth.s,49929,INITIATED,"[""FOIR""]",476756
506,vineeth.s,49930,INITIATED,"[""FOIR""]",160494
507,sumalatha.thadimari,49937,INITIATED,"[""FOIR""]",19263
508,vineeth.s,49941,INITIATED,"[""FOIR""]",477016
509,avijit.mohanty,49961,CREDIT_PENDING,"[""FOIR""]",475209
510,aparajita.bariyar,49962,INITIATED,"[""FOIR""]",475889
511,lakshmidevi.m,49963,INITIATED,"[""FOIR""]",477213
512,anurag.prateek,49967,CREDIT_PENDING,"[""FOIR""]",141626
513,vineeth.s,49968,INITIATED,"[""FOIR"", ""CIBIL_MIN"", ""MULTIPLE_DEFAULTS"", ""OVERDUES""]",207124
514,aparajita.bariyar,49973,INITIATED,"[""FOIR""]",476969
515,pranjusha.periyambra,49976,INITIATED,"[""MCA_NOT_FOUND""]",260806
516,pranjusha.periyambra,49977,INITIATED,"[""FOIR""]",265820
517,anurag.prateek,49986,CREDIT_PENDING,"[""FOIR""]",476484
518,pranjusha.periyambra,49987,INITIATED,"[""FOIR""]",477543
519,pranjusha.periyambra,49988,INITIATED,"[""FOIR""]",477545
520,pranjusha.periyambra,49989,INITIATED,"[""MCA_NOT_FOUND""]",271111
521,pranjusha.periyambra,49992,INITIATED,"[""MCA_NOT_FOUND""]",471311
522,chandrakala.nb,50013,CREDIT_PENDING,"[""FOIR""]",474689
523,chandrakala.nb,50021,CREDIT_PENDING,"[""FOIR""]",477902
524,vineeth.s,50023,INITIATED,"[""FOIR""]",477568
525,vineeth.s,50024,INITIATED,"[""FOIR""]",477439
526,aparajita.bariyar,50043,INITIATED,"[""FOIR""]",475362
527,pranjusha.periyambra,50044,INITIATED,"[""FOIR"", ""OVERDUES""]",471278
528,pranjusha.periyambra,50048,INITIATED,"[""FOIR""]",475488
529,siddharthan.l,50067,INITIATED,"[""PROPRIETORSHIP""]",459143
530,anurag.prateek,50083,CREDIT_PENDING,"[""FOIR""]",478192
531,vineeth.s,50086,INITIATED,"[""FOIR""]",474148
532,pranjusha.periyambra,50091,INITIATED,"[""MCA_NOT_FOUND""]",463810
533,sumalatha.thadimari,50102,INITIATED,"[""FOIR""]",155382
534,prashanth.eswaramoorti,50113,INITIATED,"[""FOIR""]",247430
535,vineeth.s,50116,INITIATED,"[""MCA_NOT_FOUND""]",203937
536,siddharthan.l,50117,INITIATED,"[""FOIR""]",125701
537,siddharthan.l,50121,INITIATED,"[""FOIR""]",461458
538,shreyas.r,50149,CREDIT_PENDING,"[""FOIR""]",478482
539,priyanka.jain,50154,INITIATED,"[""SALARY_MODE"", ""MCA_NOT_FOUND""]",308812
540,siddharthan.l,50238,INITIATED,"[""FOIR""]",479516
541,vineeth.s,50246,INITIATED,"[""MCA_NOT_FOUND""]",479569
542,priyanka.jain,50252,INITIATED,"[""FOIR""]",436388
543,lakshmidevi.m,50278,INITIATED,"[""FOIR""]",466225
544,lakshmidevi.m,50279,INITIATED,"[""FOIR""]",374679
545,lakshmidevi.m,50280,INITIATED,"[""FOIR""]",477449
546,preetham.shetty,50283,INITIATED,"[""FOIR""]",85379
547,lakshmidevi.m,50285,INITIATED,"[""FOIR""]",478823
548,lakshmidevi.m,50288,INITIATED,"[""MCA_NOT_FOUND""]",479352
549,priyanka.jain,50289,INITIATED,"[""FOIR""]",476101
550,shreyas.r,50291,CREDIT_PENDING,"[""MCA_NOT_FOUND""]",480361
551,aparajita.bariyar,50293,INITIATED,"[""FOIR""]",323285
552,siddharthan.l,50325,INITIATED,"[""FOIR""]",480824
553,siddharthan.l,50326,INITIATED,"[""FOIR""]",475060
554,siddharthan.l,50327,INITIATED,"[""FOIR""]",324867
555,vineeth.s,50328,INITIATED,"[""FOIR""]",86319
556,preetham.shetty,50329,INITIATED,"[""FOIR""]",480864
557,priyanka.jain,50332,INITIATED,"[""FOIR""]",479196
558,vineeth.s,50333,INITIATED,"[""MCA_NOT_FOUND""]",52286
559,vineeth.s,50334,INITIATED,"[""MCA_NOT_FOUND""]",94966
560,vineeth.s,50345,INITIATED,"[""MCA_NOT_FOUND""]",397418
561,aparajita.bariyar,50353,INITIATED,"[""FOIR""]",481190
562,aparajita.bariyar,50356,INITIATED,"[""FOIR""]",408794
563,preetham.shetty,50357,INITIATED,"[""FOIR""]",414621
564,lakshmidevi.m,50362,INITIATED,"[""MCA_NOT_FOUND""]",464233
565,lakshmidevi.m,50363,INITIATED,"[""MCA_NOT_FOUND""]",435663
566,lakshmidevi.m,50364,INITIATED,"[""FOIR""]",481234
567,lakshmidevi.m,50365,INITIATED,"[""MCA_NOT_FOUND""]",344102
568,siddharthan.l,50367,INITIATED,"[""FOIR""]",20035
569,priyanka.jain,50369,INITIATED,"[""FOIR"", ""CIBIL_MIN"", ""OVERDUES""]",461713
570,prashanth.eswaramoorti,50373,INITIATED,"[""PROPRIETORSHIP""]",463085
571,lakshmidevi.m,50374,INITIATED,"[""MCA_NOT_FOUND""]",480691
572,lakshmidevi.m,50377,INITIATED,"[""LLP_AND_PARTNERSHIP""]",80617
573,lakshmidevi.m,50378,INITIATED,"[""FOIR""]",477866
574,lakshmidevi.m,50379,INITIATED,"[""MCA_NOT_FOUND""]",480996
575,lakshmidevi.m,50394,INITIATED,"[""MCA_NOT_FOUND""]",171248
576,preetham.shetty,50415,INITIATED,"[""FOIR""]",477617
577,prashanth.eswaramoorti,50416,INITIATED,"[""FOIR""]",304050
578,shreyas.r,50430,CREDIT_PENDING,"[""FOIR""]",244085
579,lakshmidevi.m,50444,INITIATED,"[""FOIR""]",18634
580,lakshmidevi.m,50449,INITIATED,"[""FOIR"", ""OVERDUES""]",396699
581,siddharthan.l,50450,INITIATED,"[""FOIR""]",482138
582,aparajita.bariyar,50461,INITIATED,"[""FOIR""]",184837
583,aparajita.bariyar,50466,INITIATED,"[""LLP_AND_PARTNERSHIP""]",464855
584,pranjusha.periyambra,50478,INITIATED,"[""MCA_NOT_FOUND""]",469120
585,sumalatha.thadimari,50501,INITIATED,"[""SALARY_MODE"", ""MCA_NOT_FOUND""]",441863
586,preetham.shetty,50516,INITIATED,"[""FOIR"", ""OVERDUES""]",10937
587,siddharthan.l,50518,INITIATED,"[""FOIR""]",462165
588,vineeth.s,50536,INITIATED,"[""FOIR"", ""SALARY_MIN""]",483291
589,vineeth.s,50539,INITIATED,"[""FOIR"", ""CIBIL_MIN""]",315878
590,vineeth.s,50546,INITIATED,"[""FOIR""]",482793
591,sumalatha.thadimari,50557,INITIATED,"[""FOIR""]",463345
592,pranjusha.periyambra,50558,INITIATED,"[""FOIR""]",482662
593,namra.ruknuddin,50571,CREDIT_PENDING,"[""FOIR""]",356518
594,aparajita.bariyar,50574,INITIATED,"[""FOIR""]",482264
595,lakshmidevi.m,50582,INITIATED,"[""FOIR""]",483714
596,lakshmidevi.m,50583,INITIATED,"[""FOIR"", ""OVERDUES"", ""CHEQUE_BOUNCES""]",483746
597,lakshmidevi.m,50585,INITIATED,"[""MCA_NOT_FOUND""]",460879
598,lakshmidevi.m,50587,INITIATED,"[""FOIR""]",14704
599,lakshmidevi.m,50588,INITIATED,"[""FOIR""]",81835
600,lakshmidevi.m,50589,INITIATED,"[""MCA_NOT_FOUND""]",477232
601,lakshmidevi.m,50594,INITIATED,"[""PROPRIETORSHIP""]",455118
602,prashanth.eswaramoorti,50598,INITIATED,"[""FOIR""]",296314
603,prashanth.eswaramoorti,50599,INITIATED,"[""FOIR""]",417708
604,preetham.shetty,50601,INITIATED,"[""FOIR""]",217081
605,preetham.shetty,50609,INITIATED,"[""FOIR""]",480931
606,preetham.shetty,50611,INITIATED,"[""FOIR""]",472384
607,pranjusha.periyambra,50616,INITIATED,"[""MCA_NOT_FOUND""]",481619
608,pranjusha.periyambra,50617,INITIATED,"[""MCA_NOT_FOUND""]",484105
609,pranjusha.periyambra,50623,INITIATED,"[""FOIR""]",480211
610,pranjusha.periyambra,50624,INITIATED,"[""FOIR""]",484043
611,siddharthan.l,50637,INITIATED,"[""FOIR""]",484384
612,vineeth.s,50648,INITIATED,"[""MCA_NOT_FOUND""]",387794
613,vineeth.s,50649,INITIATED,"[""MCA_NOT_FOUND""]",475994
614,pranjusha.periyambra,50650,INITIATED,"[""FOIR""]",480253
615,shreyas.r,50658,CREDIT_PENDING,"[""FOIR""]",481379
616,preetham.shetty,50670,,"[""FOIR""]",267459
617,preetham.shetty,50675,INITIATED,"[""FOIR""]",438193
618,avijit.mohanty,50683,CREDIT_PENDING,"[""FOIR""]",477000
619,sumalatha.thadimari,50684,INITIATED,"[""FOIR"", ""MCA_NOT_FOUND""]",381999
620,siddharthan.l,50686,INITIATED,"[""MCA_NOT_FOUND""]",483209
621,siddharthan.l,50687,INITIATED,"[""FOIR"", ""CIBIL_MIN""]",485060
622,sumalatha.thadimari,50689,INITIATED,"[""FOIR""]",482257
623,preetham.shetty,50693,INITIATED,"[""FOIR""]",482748
624,lakshmidevi.m,50703,INITIATED,"[""MCA_NOT_FOUND""]",454076
625,lakshmidevi.m,50704,INITIATED,"[""FOIR""]",484406
626,sumalatha.thadimari,50716,INITIATED,"[""PROPRIETORSHIP""]",478060
627,aparajita.bariyar,50717,INITIATED,"[""FOIR""]",436076
628,aparajita.bariyar,50722,INITIATED,"[""FOIR""]",50443
629,pranjusha.periyambra,50750,INITIATED,"[""MCA_NOT_FOUND""]",372406
630,pranjusha.periyambra,50751,INITIATED,"[""FOIR""]",478212
631,pranjusha.periyambra,50753,INITIATED,"[""MCA_NOT_FOUND""]",485668
632,pranjusha.periyambra,50754,INITIATED,"[""FOIR""]",124840
633,priyanka.jain,50755,INITIATED,"[""FOIR""]",485684
634,sumalatha.thadimari,50759,INITIATED,"[""FOIR""]",477762
635,thirunaukkarasu.v,50769,CREDIT_PENDING,"[""FOIR""]",353212
636,sumalatha.thadimari,50770,INITIATED,"[""FOIR""]",250123
637,sumalatha.thadimari,50771,INITIATED,"[""FOIR""]",94051
638,sumalatha.thadimari,50774,INITIATED,"[""FOIR""]",454672
639,sumalatha.thadimari,50776,INITIATED,"[""FOIR""]",445961
640,siddharthan.l,50785,INITIATED,"[""MCA_NOT_FOUND""]",486150
641,aparajita.bariyar,50800,INITIATED,"[""FOIR""]",84095
642,preetham.shetty,50832,INITIATED,"[""MCA_NOT_FOUND""]",123755
643,lakshmidevi.m,50837,INITIATED,"[""MCA_NOT_FOUND""]",484865
644,lakshmidevi.m,50838,INITIATED,"[""FOIR""]",348543
645,lakshmidevi.m,50844,INITIATED,"[""MCA_NOT_FOUND""]",229980
646,lakshmidevi.m,50847,INITIATED,"[""FOIR""]",486762
647,priyanka.jain,50858,INITIATED,"[""FOIR""]",486910
648,priyanka.jain,50860,INITIATED,"[""FOIR""]",486808
649,lakshmidevi.m,50861,INITIATED,"[""FOIR""]",207212
650,preetham.shetty,50864,INITIATED,"[""FOIR""]",486976
651,preetham.shetty,50868,INITIATED,"[""PROPRIETORSHIP""]",20793
652,preetham.shetty,50869,INITIATED,"[""FOIR""]",136703
653,preetham.shetty,50870,INITIATED,"[""FOIR""]",483232
654,preetham.shetty,50873,INITIATED,"[""FOIR""]",487112
655,preetham.shetty,50874,INITIATED,"[""FOIR""]",486396
656,lakshmidevi.m,50877,INITIATED,"[""FOIR""]",487087
657,preetham.shetty,50881,INITIATED,"[""MCA_NOT_FOUND""]",487198
658,aparajita.bariyar,50883,INITIATED,"[""PROPRIETORSHIP""]",384009
659,aparajita.bariyar,50888,INITIATED,"[""PROPRIETORSHIP""]",396445
660,preetham.shetty,50891,INITIATED,"[""FOIR""]",484257
661,sumalatha.thadimari,50894,INITIATED,"[""FOIR""]",285913
662,sumalatha.thadimari,50899,INITIATED,"[""FOIR""]",482521
663,sumalatha.thadimari,50901,INITIATED,"[""OVERDUES"", ""MCA_NOT_FOUND""]",487482
664,preetham.shetty,50903,INITIATED,"[""PROPRIETORSHIP""]",479945
665,sumalatha.thadimari,50905,INITIATED,"[""FOIR""]",434776
666,sumalatha.thadimari,50906,INITIATED,"[""FOIR""]",487496
667,siddharthan.l,50907,INITIATED,"[""FOIR""]",484215
668,sumalatha.thadimari,50911,INITIATED,"[""FOIR""]",487506
669,preetham.shetty,50945,INITIATED,"[""FOIR""]",488034
670,chandrakala.nb,50975,INITIATED,"[""MCA_NOT_FOUND""]",486203
671,chandrakala.nb,50976,INITIATED,"[""FOIR""]",181596
672,sumalatha.thadimari,50982,INITIATED,"[""FOIR"", ""CIBIL_MIN"", ""OVERDUES""]",292426
673,sumalatha.thadimari,50987,INITIATED,"[""MCA_NOT_FOUND""]",152178
674,sumalatha.thadimari,50988,INITIATED,"[""FOIR""]",244125
675,sumalatha.thadimari,50991,INITIATED,"[""MCA_NOT_FOUND""]",467862
676,sumalatha.thadimari,50992,INITIATED,"[""FOIR"", ""OVERDUES""]",343620
677,sumalatha.thadimari,51004,INITIATED,"[""FOIR""]",486005
678,sumalatha.thadimari,51005,INITIATED,"[""FOIR""]",438201
679,sumalatha.thadimari,51006,INITIATED,"[""FOIR""]",486424
680,sumalatha.thadimari,51007,INITIATED,"[""FOIR""]",66983
681,vineeth.s,51017,INITIATED,"[""FOIR""]",488013
682,vineeth.s,51023,INITIATED,"[""FOIR""]",488978
683,thirunaukkarasu.v,51066,CREDIT_PENDING,"[""FOIR""]",286354
684,sumalatha.thadimari,51074,INITIATED,"[""SETTLEMENTS"", ""MCA_NOT_FOUND""]",487647
685,sumalatha.thadimari,51078,INITIATED,"[""FOIR""]",229746
686,sumalatha.thadimari,51079,INITIATED,"[""FOIR""]",439982
687,sumalatha.thadimari,51081,INITIATED,"[""FOIR""]",477665
688,sumalatha.thadimari,51083,INITIATED,"[""FOIR""]",489822
689,sumalatha.thadimari,51086,INITIATED,"[""FOIR""]",486951
690,sumalatha.thadimari,51088,INITIATED,"[""FOIR""]",482219
691,sumalatha.thadimari,51089,INITIATED,"[""FOIR"", ""CIBIL_MIN"", ""OVERDUES""]",488755
692,sumalatha.thadimari,51096,INITIATED,"[""FOIR"", ""MCA_NOT_FOUND""]",489863
693,sumalatha.thadimari,51097,INITIATED,"[""FOIR""]",488563
694,sumalatha.thadimari,51098,INITIATED,"[""FOIR""]",471298
695,shreyas.r,51105,CREDIT_PENDING,"[""FOIR""]",489899
696,priyanka.jain,51106,INITIATED,"[""PARTNERSHIP"", ""MCA_NOT_FOUND""]",463905
697,priyanka.jain,51107,INITIATED,"[""MCA_NOT_FOUND""]",260359
698,sumalatha.thadimari,51148,INITIATED,"[""FOIR"", ""CIBIL_MIN"", ""OVERDUES""]",490808
699,prashanth.eswaramoorti,51164,INITIATED,"[""FOIR""]",490976
700,prashanth.eswaramoorti,51169,INITIATED,"[""FOIR""]",491070
701,lakshmidevi.m,51171,INITIATED,"[""FOIR"", ""OVERDUES""]",486152
702,lakshmidevi.m,51173,INITIATED,"[""MCA_NOT_FOUND""]",431197
703,lakshmidevi.m,51177,INITIATED,"[""FOIR""]",491032
704,sumalatha.thadimari,51183,INITIATED,"[""FOIR"", ""OVERDUES""]",490760
705,lakshmidevi.m,51187,INITIATED,"[""FOIR""]",491344
706,lakshmidevi.m,51208,INITIATED,"[""MCA_NOT_FOUND""]",82798
707,chandrakala.nb,51260,INITIATED,"[""FOIR""]",492884
708,chandrakala.nb,51263,INITIATED,"[""FOIR""]",483405
709,sumalatha.thadimari,51277,INITIATED,"[""FOIR"", ""MCA_NOT_FOUND""]",466498
710,sumalatha.thadimari,51278,INITIATED,"[""FOIR""]",492490
711,sumalatha.thadimari,51282,INITIATED,"[""SALARY_MIN"", ""MCA_NOT_FOUND""]",194066
712,aparajita.bariyar,51283,INITIATED,"[""FOIR""]",493073
713,sumalatha.thadimari,51285,INITIATED,"[""FOIR"", ""OCCUPATION""]",118322
714,sumalatha.thadimari,51299,INITIATED,"[""FOIR""]",479663
715,lakshmidevi.m,51306,INITIATED,"[""FOIR""]",411725
716,lakshmidevi.m,51307,INITIATED,"[""FOIR"", ""OVERDUES""]",493728
717,vineeth.s,51335,INITIATED,"[""FOIR""]",494522
718,prashanth.eswaramoorti,51380,INITIATED,"[""PROPRIETORSHIP""]",489932
719,priyanka.jain,51420,INITIATED,"[""LLP_AND_PARTNERSHIP""]",495403
720,preetham.shetty,51428,INITIATED,"[""LLP_AND_PARTNERSHIP""]",477779
721,sumalatha.thadimari,51429,INITIATED,"[""FOIR"", ""CHEQUE_BOUNCES""]",133335
722,preetham.shetty,51431,INITIATED,"[""FOIR""]",495270
723,preetham.shetty,51439,INITIATED,"[""FOIR""]",495492
724,preetham.shetty,51447,INITIATED,"[""FOIR""]",270524
725,preetham.shetty,51459,INITIATED,"[""LLP_AND_PARTNERSHIP""]",494388
726,preetham.shetty,51462,INITIATED,"[""FOIR""]",407151
727,preetham.shetty,51463,INITIATED,"[""FOIR""]",488202
728,lakshmidevi.m,51471,INITIATED,"[""FOIR""]",495333
729,sumalatha.thadimari,51481,INITIATED,"[""FOIR""]",365316
730,lakshmidevi.m,51495,INITIATED,"[""MCA_NOT_FOUND""]",493264
731,sumalatha.thadimari,51521,INITIATED,"[""FOIR"", ""CIBIL_MIN"", ""CHEQUE_BOUNCES""]",485364
732,siddharthan.l,51522,INITIATED,"[""PROPRIETORSHIP""]",495377
733,siddharthan.l,51524,INITIATED,"[""FOIR""]",214629
734,aparajita.bariyar,51525,INITIATED,"[""MCA_NOT_FOUND""]",490899
735,prashanth.eswaramoorti,51526,INITIATED,"[""FOIR""]",487781
736,sumalatha.thadimari,51529,INITIATED,"[""FOIR""]",493297
737,shreyas.r,51550,CREDIT_PENDING,"[""FOIR""]",449512
738,siddharthan.l,51552,INITIATED,"[""FOIR""]",92715
739,sumalatha.thadimari,51553,INITIATED,"[""FOIR""]",346263
740,preetham.shetty,51556,INITIATED,"[""LLP_AND_PARTNERSHIP""]",318365
741,priyanka.jain,51557,INITIATED,"[""FOIR"", ""OVERDUES""]",490986
742,prashanth.eswaramoorti,51566,INITIATED,"[""FOIR""]",484734
743,chandrakala.nb,51594,CREDIT_PENDING,"[""FOIR""]",494239
744,lakshmidevi.m,51599,INITIATED,"[""FOIR""]",496710
745,sumalatha.thadimari,51603,INITIATED,"[""FOIR""]",228780
746,preetham.shetty,51604,INITIATED,"[""FOIR""]",483118
747,chandrakala.nb,51613,CREDIT_PENDING,"[""FOIR""]",486472
748,sumalatha.thadimari,51633,INITIATED,"[""MCA_NOT_FOUND""]",268223
749,preetham.shetty,51643,INITIATED,"[""FOIR""]",103942
750,prashanth.eswaramoorti,51645,INITIATED,"[""MCA_NOT_FOUND""]",112493
751,sumalatha.thadimari,51668,INITIATED,"[""CIBIL_MIN"", ""MCA_NOT_FOUND""]",497018
752,vineeth.s,51672,INITIATED,"[""FOIR""]",496543
753,prashanth.eswaramoorti,51673,INITIATED,"[""FOIR""]",494716
754,preetham.shetty,51678,INITIATED,"[""FOIR""]",145975
755,vineeth.s,51679,INITIATED,"[""FOIR""]",350643
756,vineeth.s,51693,INITIATED,"[""FOIR""]",498414
757,preetham.shetty,37265,INITIATED,"[""PROPRIETORSHIP""]",322637
758,shreyas.r,41599,CREDIT_PENDING,"[""FOIR""]",243502
759,sumalatha.thadimari,42797,INITIATED,"[""FOIR""]",387306
760,sumalatha.thadimari,42949,INITIATED,"[""MCA_NOT_FOUND""]",24662
761,shreyas.r,43076,CREDIT_PENDING,"[""FOIR""]",394034
762,avijit.mohanty,43252,INITIATED,"[""FOIR""]",391290
763,preetham.shetty,43321,INITIATED,"[""LLP_AND_PARTNERSHIP""]",397845
764,pranjusha.periyambra,43403,INITIATED,"[""FOIR""]",372128
765,namra.ruknuddin,43625,INITIATED,"[""FOIR""]",155773
766,namra.ruknuddin,43691,INITIATED,"[""FOIR""]",268042
767,aparajita.bariyar,43828,INCOMPLETE_INFO,"[""MCA_NOT_FOUND""]",402938
768,preetham.shetty,43976,INITIATED,"[""FOIR""]",379212
769,prashanth.eswaramoorti,44055,INITIATED,"[""FOIR""]",28286
770,avijit.mohanty,44114,CREDIT_PENDING,"[""FOIR""]",243043
771,sumalatha.thadimari,44116,INITIATED,"[""FOIR""]",231043
772,sumalatha.thadimari,44236,INITIATED,"[""FOIR""]",359026
773,sumalatha.thadimari,44873,INITIATED,"[""FOIR""]",310324
774,sumalatha.thadimari,45006,INITIATED,"[""FOIR""]",22112
775,namra.ruknuddin,45411,CREDIT_PENDING,"[""FOIR""]",341956
776,pranjusha.periyambra,45514,INITIATED,"[""FOIR""]",422042
777,preetham.shetty,45571,INITIATED,"[""FOIR""]",410883
778,namra.ruknuddin,45584,CREDIT_PENDING,"[""FOIR""]",53296
779,pranjusha.periyambra,45879,INITIATED,"[""FOIR""]",350081
780,sumalatha.thadimari,45910,INITIATED,"[""FOIR""]",421075
781,pranjusha.periyambra,45986,INITIATED,"[""FOIR""]",424781
782,chandrakala.nb,46029,CREDIT_PENDING,"[""FOIR"", ""TRADE_AND_GAME""]",323125
783,preetham.shetty,46052,INITIATED,"[""FOIR""]",170724
784,preetham.shetty,46083,INITIATED,"[""FOIR""]",339076
785,avijit.mohanty,46121,CREDIT_PENDING,"[""FOIR"", ""OVERDUES""]",390523
786,vineeth.s,46135,INITIATED,"[""MCA_NOT_FOUND""]",169738
787,avijit.mohanty,46301,INITIATED,"[""FOIR""]",430435
788,priyanka.jain,46560,INITIATED,"[""FOIR""]",369836
789,pranjusha.periyambra,46625,INITIATED,"[""MCA_NOT_FOUND""]",316456
790,siddharthan.l,46650,INITIATED,"[""FOIR""]",11417
791,pranjusha.periyambra,46652,INITIATED,"[""FOIR""]",434791
792,shreyas.r,46743,CREDIT_PENDING,"[""FOIR""]",435577
793,vineeth.s,46747,INITIATED,"[""MCA_NOT_FOUND""]",437543
794,avijit.mohanty,46756,CREDIT_PENDING,"[""FOIR""]",255253
795,pranjusha.periyambra,46794,INITIATED,"[""FOIR""]",150205
796,preetham.shetty,46799,INITIATED,"[""FOIR""]",436964
797,lakshmidevi.m,46808,CREDIT_PENDING,"[""FOIR""]",271348
798,sumalatha.thadimari,46824,INITIATED,"[""FOIR"", ""SALARY_MODE""]",438286
799,pranjusha.periyambra,46888,INITIATED,"[""FOIR""]",438867
800,preetham.shetty,46921,INITIATED,"[""MCA_NOT_FOUND""]",347883
801,sumalatha.thadimari,46971,INITIATED,"[""FOIR""]",440255
802,pranjusha.periyambra,46972,INITIATED,"[""MCA_NOT_FOUND""]",433627
803,pranjusha.periyambra,47032,INITIATED,"[""FOIR""]",312393
804,sumalatha.thadimari,47066,INITIATED,"[""FOIR""]",377518
805,thirunaukkarasu.v,47068,CREDIT_PENDING,"[""FOIR""]",84546
806,anurag.prateek,47100,CREDIT_PENDING,"[""FOIR""]",441326
807,vineeth.s,47104,INITIATED,"[""FOIR""]",375356
808,chandrakala.nb,47125,INITIATED,"[""FOIR"", ""CIBIL_MIN"", ""OVERDUES""]",255071
809,chandrakala.nb,47134,INITIATED,"[""FOIR"", ""CHEQUE_BOUNCES""]",405584
810,sumalatha.thadimari,47136,CREDIT_PENDING,"[""FOIR"", ""CHEQUE_BOUNCES""]",224235
811,priyanka.jain,47139,INITIATED,"[""FOIR""]",424979
812,chandrakala.nb,47143,INITIATED,"[""FOIR""]",68507
813,sumalatha.thadimari,47157,CREDIT_PENDING,"[""FOIR""]",420217
814,sumalatha.thadimari,47165,INITIATED,"[""MCA_NOT_FOUND""]",442510
815,avijit.mohanty,47173,CREDIT_PENDING,"[""FOIR""]",3930
816,avijit.mohanty,47177,CREDIT_PENDING,"[""FOIR""]",438759
817,prashanth.eswaramoorti,47185,INITIATED,"[""FOIR"", ""CHEQUE_BOUNCES""]",4049
818,namra.ruknuddin,47221,CREDIT_PENDING,"[""FOIR""]",354395
819,pranjusha.periyambra,47223,INITIATED,"[""MCA_NOT_FOUND"", ""CHEQUE_BOUNCES""]",443307
820,anurag.prateek,47228,CREDIT_PENDING,"[""FOIR""]",443338
821,anurag.prateek,47229,CREDIT_PENDING,"[""FOIR""]",426625
822,anurag.prateek,47234,CREDIT_PENDING,"[""FOIR"", ""OVERDUES""]",143109
823,shreyas.r,47245,CREDIT_PENDING,"[""FOIR""]",443548
824,thirunaukkarasu.v,47251,CREDIT_PENDING,"[""FOIR""]",408284
825,vineeth.s,47255,INITIATED,"[""MCA_NOT_FOUND""]",442880
826,anurag.prateek,47269,CREDIT_PENDING,"[""FOIR""]",360041
827,aparajita.bariyar,47273,INITIATED,"[""PROPRIETORSHIP""]",86051
828,pranjusha.periyambra,47276,CREDIT_PENDING,"[""FOIR""]",441517
829,aparajita.bariyar,47278,INITIATED,"[""PROPRIETORSHIP""]",31523
830,sumalatha.thadimari,47285,INITIATED,"[""FOIR""]",436165
831,anurag.prateek,47287,CREDIT_PENDING,"[""FOIR""]",443877
832,sumalatha.thadimari,47288,INITIATED,"[""FOIR""]",444011
833,sumalatha.thadimari,47294,INITIATED,"[""FOIR""]",443967
834,sumalatha.thadimari,47300,CREDIT_PENDING,"[""FOIR""]",444038
835,preetham.shetty,47301,INITIATED,"[""MCA_NOT_FOUND""]",440272
836,preetham.shetty,47311,INITIATED,"[""MCA_NOT_FOUND""]",444182
837,preetham.shetty,47312,INITIATED,"[""MCA_NOT_FOUND""]",372096
838,preetham.shetty,47317,INITIATED,"[""MCA_NOT_FOUND""]",439490
839,sumalatha.thadimari,47318,INITIATED,"[""FOIR""]",444142
840,sumalatha.thadimari,47323,CREDIT_PENDING,"[""FOIR""]",99707
841,preetham.shetty,47325,INITIATED,"[""PROPRIETORSHIP""]",169087
842,preetham.shetty,47326,INITIATED,"[""MCA_NOT_FOUND""]",444262
843,avijit.mohanty,47328,CREDIT_PENDING,"[""FOIR""]",444185
844,preetham.shetty,47333,INITIATED,"[""PROPRIETORSHIP""]",438142
845,preetham.shetty,47334,INITIATED,"[""FOIR""]",302324
846,lakshmidevi.m,47341,CREDIT_PENDING,"[""FOIR""]",69345
847,sumalatha.thadimari,47353,INITIATED,"[""FOIR""]",136606
848,sumalatha.thadimari,47354,INITIATED,"[""FOIR""]",47390
849,sumalatha.thadimari,47363,INITIATED,"[""FOIR""]",389632
850,sumalatha.thadimari,47364,INITIATED,"[""FOIR""]",1411
851,preetham.shetty,47370,INITIATED,"[""MCA_NOT_FOUND""]",375907
852,lakshmidevi.m,47376,CREDIT_PENDING,"[""FOIR""]",444840
853,preetham.shetty,47377,INITIATED,"[""PROPRIETORSHIP""]",359133
854,preetham.shetty,47379,INITIATED,"[""MCA_NOT_FOUND""]",425918
855,anurag.prateek,47385,CREDIT_PENDING,"[""FOIR""]",442304
856,sumalatha.thadimari,47386,INITIATED,"[""MCA_NOT_FOUND""]",442815
857,sumalatha.thadimari,47404,INITIATED,"[""FOIR""]",50454
858,sumalatha.thadimari,47412,INITIATED,"[""FOIR""]",56210
859,vineeth.s,47413,INITIATED,"[""MCA_NOT_FOUND""]",443255
860,vineeth.s,47421,INITIATED,"[""MCA_NOT_FOUND""]",80201
861,k.sowmith,47428,INITIATED,"[""MCA_NOT_FOUND""]",441499
862,saurabh.singh,47437,INITIATED,"[""FOIR""]",442576
863,preetham.shetty,47450,INITIATED,"[""FOIR""]",409929
864,vineeth.s,47452,INITIATED,"[""FOIR""]",426988
865,preetham.shetty,47453,INITIATED,"[""MCA_NOT_FOUND""]",415811
866,lakshmidevi.m,47458,INITIATED,"[""CIBIL_MIN"", ""MCA_NOT_FOUND""]",445753
867,lakshmidevi.m,47459,INITIATED,"[""FOIR"", ""TRADE_AND_GAME"", ""OTHER""]",197876
868,lakshmidevi.m,47460,INITIATED,"[""FOIR""]",442845
869,vineeth.s,47471,INITIATED,"[""MCA_NOT_FOUND""]",445684
870,vineeth.s,47516,INITIATED,"[""FOIR""]",444378
871,avijit.mohanty,47551,CREDIT_PENDING,"[""FOIR""]",422472
872,k.sowmith,47552,INITIATED,"[""PROPRIETORSHIP""]",91854
873,k.sowmith,47553,INITIATED,"[""MCA_NOT_FOUND""]",446677
874,sumalatha.thadimari,47554,INITIATED,"[""FOIR""]",103406
875,priyanka.jain,47556,INITIATED,"[""FOIR""]",30922
876,shreyas.r,47560,CREDIT_PENDING,"[""FOIR""]",439177
877,preetham.shetty,47563,INITIATED,"[""MCA_NOT_FOUND""]",422206
878,chandrakala.nb,47578,CREDIT_PENDING,"[""FOIR""]",445893
879,avijit.mohanty,47589,CREDIT_PENDING,"[""FOIR""]",447967
880,avijit.mohanty,47595,CREDIT_PENDING,"[""FOIR""]",448103
881,prashanth.eswaramoorti,47597,INITIATED,"[""FOIR""]",22431
882,anurag.prateek,47609,CREDIT_PENDING,"[""FOIR""]",195358
883,lakshmidevi.m,47624,INITIATED,"[""LLP_AND_PARTNERSHIP""]",447470
884,lakshmidevi.m,47625,INITIATED,"[""FOIR""]",448343
885,lakshmidevi.m,47626,INITIATED,"[""FOIR""]",377466
886,lakshmidevi.m,47631,INITIATED,"[""FOIR""]",412412
887,lakshmidevi.m,47632,INITIATED,"[""FOIR""]",446290
888,avijit.mohanty,47648,CREDIT_PENDING,"[""FOIR""]",391699
889,sumalatha.thadimari,47650,INITIATED,"[""FOIR"", ""OVERDUES""]",83692
890,sumalatha.thadimari,47655,INITIATED,"[""FOIR"", ""OVERDUES""]",119663
891,sumalatha.thadimari,47662,INITIATED,"[""MCA_NOT_FOUND""]",440328
892,sumalatha.thadimari,47663,INITIATED,"[""FOIR""]",448309
893,sumalatha.thadimari,47665,INITIATED,"[""MCA_NOT_FOUND""]",288670
894,preetham.shetty,47682,INITIATED,"[""MCA_NOT_FOUND""]",330744
895,saurabh.singh,47689,INCOMPLETE_INFO,"[""FOIR""]",234577
896,sumalatha.thadimari,47694,INITIATED,"[""FOIR""]",448961
897,sumalatha.thadimari,47696,INITIATED,"[""MCA_NOT_FOUND""]",448977
898,sumalatha.thadimari,47704,INITIATED,"[""FOIR"", ""CHEQUE_BOUNCES""]",48082
899,sumalatha.thadimari,47706,INITIATED,"[""FOIR""]",114854
900,sumalatha.thadimari,47707,INITIATED,"[""FOIR"", ""CHEQUE_BOUNCES""]",449053
901,sumalatha.thadimari,47720,INITIATED,"[""FOIR""]",271374
902,sumalatha.thadimari,47729,INITIATED,"[""FOIR""]",430316
903,preetham.shetty,47730,INITIATED,"[""FOIR""]",64908
904,preetham.shetty,47732,INITIATED,"[""FOIR""]",449359
905,preetham.shetty,47745,INITIATED,"[""FOIR""]",445729
906,aparajita.bariyar,47750,INITIATED,"[""PROPRIETORSHIP""]",6103
907,avijit.mohanty,47762,INITIATED,"[""MCA_NOT_FOUND""]",446578
908,lakshmidevi.m,47765,INITIATED,"[""FOIR""]",444197
909,vineeth.s,47779,INITIATED,"[""MCA_NOT_FOUND""]",410807
910,preetham.shetty,47789,INITIATED,"[""LLP_AND_PARTNERSHIP""]",446709
911,avijit.mohanty,47790,INITIATED,"[""FOIR""]",439138
912,avijit.mohanty,47791,INITIATED,"[""FOIR""]",450285
913,shreyas.r,47797,CREDIT_PENDING,"[""FOIR""]",370458
914,vineeth.s,47799,INITIATED,"[""FOIR""]",272377
915,preetham.shetty,47800,INITIATED,"[""FOIR""]",77965
916,preetham.shetty,47801,INITIATED,"[""MCA_NOT_FOUND""]",206714
917,sumalatha.thadimari,47858,INITIATED,"[""FOIR""]",415164
918,preetham.shetty,47875,INITIATED,"[""FOIR""]",128100
919,preetham.shetty,47885,INITIATED,"[""FOIR""]",428711
920,jeswin.george,47907,INITIATED,"[""MCA_NOT_FOUND""]",276791
921,preetham.shetty,47912,INITIATED,"[""FOIR""]",447858
922,aparajita.bariyar,47913,INITIATED,"[""FOIR""]",420461
923,preetham.shetty,47920,INITIATED,"[""FOIR""]",449798
924,preetham.shetty,47923,INITIATED,"[""FOIR""]",448256
925,siddharthan.l,47931,INITIATED,"[""FOIR""]",152538
926,siddharthan.l,47950,INITIATED,"[""FOIR""]",450889
927,aparajita.bariyar,47958,INITIATED,"[""FOIR""]",451311
928,saurabh.singh,47986,INITIATED,"[""FOIR""]",9829
929,prashanth.eswaramoorti,47988,INITIATED,"[""FOIR""]",362724
930,preetham.shetty,47991,INITIATED,"[""FOIR""]",40406
931,aparajita.bariyar,47992,INITIATED,"[""FOIR""]",449129
932,prashanth.eswaramoorti,47999,INITIATED,"[""MCA_NOT_FOUND""]",315557
933,lakshmidevi.m,48017,INITIATED,"[""FOIR""]",450924
934,preetham.shetty,48019,INITIATED,"[""FOIR""]",453886
935,shreyas.r,48020,INITIATED,"[""FOIR""]",453822
936,lakshmidevi.m,48024,INITIATED,"[""FOIR""]",400880
937,siddharthan.l,48041,INITIATED,"[""FOIR""]",369273
938,lakshmidevi.m,48053,INITIATED,"[""MCA_NOT_FOUND""]",50917
939,lakshmidevi.m,48074,INITIATED,"[""MCA_NOT_FOUND""]",454302
940,lakshmidevi.m,48075,INITIATED,"[""MCA_NOT_FOUND""]",162073
941,lakshmidevi.m,48080,INITIATED,"[""FOIR""]",50734
942,avijit.mohanty,48085,CREDIT_PENDING,"[""FOIR""]",454398
943,lakshmidevi.m,48086,INITIATED,"[""MCA_NOT_FOUND""]",89656
944,lakshmidevi.m,48093,INITIATED,"[""FOIR""]",454611
945,lakshmidevi.m,48094,INITIATED,"[""MCA_NOT_FOUND""]",417780
946,prashanth.eswaramoorti,48095,INITIATED,"[""OVERDUES"", ""MCA_NOT_FOUND""]",251290
947,lakshmidevi.m,48097,INITIATED,"[""FOIR"", ""OVERDUES""]",324443
948,lakshmidevi.m,48100,INITIATED,"[""FOIR"", ""OVERDUES""]",175404
949,prashanth.eswaramoorti,48107,INITIATED,"[""FOIR""]",375114
950,anurag.prateek,48129,CREDIT_PENDING,"[""FOIR""]",454836
951,aparajita.bariyar,48155,INITIATED,"[""FOIR""]",455035
952,prashanth.eswaramoorti,48175,INITIATED,"[""FOIR""]",300771
953,chandrakala.nb,48176,INITIATED,"[""FOIR"", ""OVERDUES""]",402475
954,siddharthan.l,48193,INITIATED,"[""FOIR""]",449898
955,avijit.mohanty,48197,CREDIT_PENDING,"[""FOIR""]",237365
956,siddharthan.l,48198,INITIATED,"[""FOIR""]",268020
957,siddharthan.l,48230,INITIATED,"[""FOIR""]",456178
958,siddharthan.l,48241,INITIATED,"[""FOIR""]",318810
959,shreyas.r,48256,INITIATED,"[""MCA_NOT_FOUND""]",444673
960,shreyas.r,48259,INITIATED,"[""FOIR""]",212384
961,shreyas.r,48266,INITIATED,"[""FOIR""]",57861
962,shreyas.r,48267,INITIATED,"[""FOIR""]",455603
963,shreyas.r,48271,INITIATED,"[""FOIR""]",411148
964,avijit.mohanty,48282,INITIATED,"[""FOIR""]",457065
965,avijit.mohanty,48289,INITIATED,"[""FOIR""]",99952
966,saurabh.singh,48290,INITIATED,"[""FOIR""]",209092
967,chandrakala.nb,48295,INITIATED,"[""FOIR"", ""CHEQUE_BOUNCES""]",402634
968,chandrakala.nb,48297,INITIATED,"[""FOIR""]",454049
969,chandrakala.nb,48298,INITIATED,"[""FOIR""]",435860
970,chandrakala.nb,48299,INITIATED,"[""LLP_AND_PARTNERSHIP""]",424325
971,lakshmidevi.m,48317,INITIATED,"[""FOIR""]",457461
972,lakshmidevi.m,48326,INITIATED,"[""FOIR""]",409725
973,lakshmidevi.m,48328,INITIATED,"[""MCA_NOT_FOUND""]",450897
974,lakshmidevi.m,48335,INITIATED,"[""MCA_NOT_FOUND""]",365031
975,lakshmidevi.m,48344,INITIATED,"[""FOIR""]",457489
976,lakshmidevi.m,48345,INITIATED,"[""MCA_NOT_FOUND""]",403586
977,namra.ruknuddin,48363,CREDIT_PENDING,"[""FOIR""]",457754
978,vineeth.s,48379,INITIATED,"[""MCA_NOT_FOUND""]",311611
979,namra.ruknuddin,48384,CREDIT_PENDING,"[""FOIR""]",451353
980,vineeth.s,48387,INITIATED,"[""MCA_NOT_FOUND""]",336534
981,prashanth.eswaramoorti,48391,INITIATED,"[""FOIR""]",334503
982,pranjusha.periyambra,48403,INITIATED,"[""FOIR""]",132564
983,pranjusha.periyambra,48404,INITIATED,"[""CIBIL_MIN"", ""MCA_NOT_FOUND""]",429733
984,pranjusha.periyambra,48407,INITIATED,"[""FOIR""]",455763
985,pranjusha.periyambra,48410,INITIATED,"[""FOIR""]",675
986,pranjusha.periyambra,48437,INITIATED,"[""FOIR""]",456922
987,pranjusha.periyambra,48438,INITIATED,"[""MCA_NOT_FOUND"", ""CHEQUE_BOUNCES""]",455990
988,preetham.shetty,48443,INITIATED,"[""FOIR""]",364585
989,sumalatha.thadimari,48446,INITIATED,"[""FOIR""]",374988
990,anurag.prateek,48452,CREDIT_PENDING,"[""FOIR""]",293360
991,sumalatha.thadimari,48455,INITIATED,"[""MCA_NOT_FOUND""]",323935
992,aparajita.bariyar,48456,INITIATED,"[""FOIR""]",449510
993,prashanth.eswaramoorti,48474,INITIATED,"[""MCA_NOT_FOUND""]",368052
994,siddharthan.l,48494,INITIATED,"[""FOIR""]",326239
995,siddharthan.l,48509,INITIATED,"[""FOIR""]",457547
996,siddharthan.l,48512,INITIATED,"[""FOIR""]",459235
997,siddharthan.l,48513,INITIATED,"[""FOIR"", ""CIBIL_MIN"", ""OVERDUES""]",27876
998,siddharthan.l,48514,INITIATED,"[""FOIR""]",408440
999,siddharthan.l,48517,INITIATED,"[""FOIR"", ""CIBIL_MIN"", ""MULTIPLE_DEFAULTS""]",459270
1000,siddharthan.l,48521,INITIATED,"[""FOIR""]",448732
1001,lakshmidevi.m,48550,INITIATED,"[""MCA_NOT_FOUND""]",424756
1002,sumalatha.thadimari,48556,INITIATED,"[""MCA_NOT_FOUND""]",449280
1003,sumalatha.thadimari,48557,INITIATED,"[""MCA_NOT_FOUND""]",459706
1004,sumalatha.thadimari,48558,INITIATED,"[""FOIR"", ""CHEQUE_BOUNCES""]",448018
1005,sumalatha.thadimari,48559,INITIATED,"[""FOIR"", ""OVERDUES""]",205226
1006,sumalatha.thadimari,48561,INITIATED,"[""FOIR""]",454798
1007,sumalatha.thadimari,48563,INITIATED,"[""FOIR""]",423798
1008,sumalatha.thadimari,48565,INITIATED,"[""FOIR""]",313284
1009,sumalatha.thadimari,48566,INITIATED,"[""MULTIPLE_DEFAULTS"", ""MCA_NOT_FOUND""]",447359
1010,lakshmidevi.m,48575,INITIATED,"[""FOIR"", ""CHEQUE_BOUNCES""]",82021
1011,siddharthan.l,48589,INITIATED,"[""FOIR""]",173333
1012,siddharthan.l,48590,INITIATED,"[""FOIR""]",395716
1013,siddharthan.l,48602,INITIATED,"[""FOIR""]",460372
1014,siddharthan.l,48604,INITIATED,"[""FOIR""]",397106
1015,vineeth.s,48613,INITIATED,"[""FOIR"", ""OVERDUES""]",460290
1016,anurag.prateek,48623,CREDIT_PENDING,"[""FOIR""]",449375
1017,lakshmidevi.m,48627,INITIATED,"[""FOIR""]",460494
1018,lakshmidevi.m,48632,INITIATED,"[""FOIR""]",460415
1019,preetham.shetty,48636,INITIATED,"[""FOIR""]",9071
1020,pranjusha.periyambra,48653,INITIATED,"[""FOIR""]",460376
1021,pranjusha.periyambra,48655,INITIATED,"[""FOIR""]",458753
1022,pranjusha.periyambra,48660,INITIATED,"[""FOIR""]",242764
1023,pranjusha.periyambra,48661,INITIATED,"[""FOIR""]",47249
1024,lakshmidevi.m,48675,INITIATED,"[""FOIR""]",438053
1025,lakshmidevi.m,48679,INITIATED,"[""MCA_NOT_FOUND""]",458961
1026,lakshmidevi.m,48692,INITIATED,"[""FOIR"", ""OVERDUES""]",225102
1027,aparajita.bariyar,48715,INITIATED,"[""FOIR""]",460590
1028,lakshmidevi.m,48716,INITIATED,"[""FOIR""]",459464
1029,pranjusha.periyambra,48719,INITIATED,"[""FOIR""]",367860
1030,aparajita.bariyar,48720,INITIATED,"[""LLP_AND_PARTNERSHIP""]",461382
1031,namra.ruknuddin,48728,CREDIT_PENDING,"[""FOIR""]",213271
1032,aparajita.bariyar,48730,INITIATED,"[""PROPRIETORSHIP""]",365329
1033,prashanth.eswaramoorti,48738,INITIATED,"[""FOIR""]",418146
1034,prashanth.eswaramoorti,48740,INITIATED,"[""FOIR"", ""CIBIL_MIN"", ""OVERDUES""]",461603
1035,preetham.shetty,48741,INITIATED,"[""FOIR""]",123155
1036,prashanth.eswaramoorti,48754,INITIATED,"[""PROPRIETORSHIP""]",460808
1037,prashanth.eswaramoorti,48756,INITIATED,"[""FOIR""]",461235
1038,prashanth.eswaramoorti,48759,INITIATED,"[""FOIR""]",461602
1039,prashanth.eswaramoorti,48760,INITIATED,"[""FOIR""]",319462
1040,pranjusha.periyambra,48761,INITIATED,"[""FOIR""]",194696
1041,pranjusha.periyambra,48762,INITIATED,"[""FOIR""]",345230
1042,siddharthan.l,48767,INITIATED,"[""FOIR""]",456069
1043,siddharthan.l,48783,INITIATED,"[""FOIR""]",457735
1044,thirunaukkarasu.v,48795,CREDIT_PENDING,"[""FOIR""]",303195
1045,prashanth.eswaramoorti,48798,INITIATED,"[""FOIR"", ""CHEQUE_BOUNCES""]",186594
1046,sumalatha.thadimari,48799,INITIATED,"[""FOIR""]",396179
1047,sumalatha.thadimari,48800,INITIATED,"[""FOIR""]",462439
1048,sumalatha.thadimari,48804,INITIATED,"[""FOIR""]",237397
1049,sumalatha.thadimari,48808,INITIATED,"[""FOIR""]",457493
1050,sumalatha.thadimari,48809,INITIATED,"[""FOIR"", ""SALARY_MODE""]",460962
1051,sumalatha.thadimari,48810,INITIATED,"[""MCA_NOT_FOUND""]",69527
1052,sumalatha.thadimari,48811,INITIATED,"[""MCA_NOT_FOUND""]",92974
1053,sumalatha.thadimari,48812,INITIATED,"[""MCA_NOT_FOUND""]",462618
1054,sumalatha.thadimari,48813,INITIATED,"[""FOIR""]",34474
1055,sumalatha.thadimari,48814,INITIATED,"[""FOIR""]",444552
1056,sumalatha.thadimari,48815,INITIATED,"[""FOIR""]",461714
1057,siddharthan.l,48824,INITIATED,"[""FOIR""]",442627
1058,siddharthan.l,48825,INITIATED,"[""FOIR""]",461919
1059,lakshmidevi.m,48841,INITIATED,"[""FOIR""]",70476
1060,sumalatha.thadimari,48844,INCOMPLETE_INFO,"[""FOIR""]",165302
1061,vineeth.s,48871,INITIATED,"[""MCA_NOT_FOUND""]",290533
1062,vineeth.s,48881,INITIATED,"[""FOIR""]",463524
1063,anurag.prateek,48891,CREDIT_PENDING,"[""FOIR""]",463223
1064,pranjusha.periyambra,48896,INITIATED,"[""PROPRIETORSHIP""]",463611
1065,aparajita.bariyar,48922,INITIATED,"[""FOIR""]",463703
1066,pranjusha.periyambra,48934,INITIATED,"[""FOIR""]",245903
1067,pranjusha.periyambra,48935,INITIATED,"[""FOIR""]",462956
1068,namra.ruknuddin,48941,CREDIT_PENDING,"[""FOIR""]",447507
1069,pranjusha.periyambra,48946,INITIATED,"[""FOIR""]",464155
1070,pranjusha.periyambra,48949,INITIATED,"[""FOIR""]",464244
1071,sumalatha.thadimari,48955,INITIATED,"[""MCA_NOT_FOUND""]",461575
1072,sumalatha.thadimari,48958,INITIATED,"[""FOIR""]",461162
1073,sumalatha.thadimari,48959,INITIATED,"[""FOIR""]",464295
1074,sumalatha.thadimari,48969,INITIATED,"[""FOIR""]",458663
1075,siddharthan.l,48974,INITIATED,"[""FOIR""]",464293
1076,anurag.prateek,48989,CREDIT_PENDING,"[""FOIR""]",256394
1077,siddharthan.l,48990,INITIATED,"[""FOIR""]",464495
1078,preetham.shetty,49004,INITIATED,"[""MCA_NOT_FOUND""]",462206
1079,preetham.shetty,49006,INITIATED,"[""LLP_AND_PARTNERSHIP""]",318151
1080,vineeth.s,49015,INCOMPLETE_INFO,"[""FOIR""]",63008
1081,vineeth.s,49016,INITIATED,"[""MCA_NOT_FOUND""]",465110
1082,vineeth.s,49017,INITIATED,"[""FOIR""]",462158
1083,pranjusha.periyambra,49018,INITIATED,"[""FOIR""]",465114
1084,prashanth.eswaramoorti,49021,INITIATED,"[""FOIR""]",460695
1085,sumalatha.thadimari,49038,INITIATED,"[""MCA_NOT_FOUND""]",462689
1086,sumalatha.thadimari,49041,INITIATED,"[""FOIR""]",463668
1087,sumalatha.thadimari,49042,INITIATED,"[""FOIR""]",216346
1088,siddharthan.l,49057,INITIATED,"[""FOIR""]",64070
1089,lakshmidevi.m,49058,INITIATED,"[""FOIR""]",297195
1090,siddharthan.l,49059,INITIATED,"[""FOIR""]",123639
1091,lakshmidevi.m,49062,INITIATED,"[""FOIR""]",463249
1092,chandrakala.nb,49070,CREDIT_PENDING,"[""FOIR""]",463482
1093,anurag.prateek,49072,CREDIT_PENDING,"[""LLP_AND_PARTNERSHIP""]",463839
1094,lakshmidevi.m,49073,INITIATED,"[""WORK_EX_MIN"", ""MCA_NOT_FOUND""]",460728
1095,aparajita.bariyar,49074,INITIATED,"[""FOIR""]",464545
1096,lakshmidevi.m,49078,INITIATED,"[""FOIR""]",112833
1097,anurag.prateek,49128,CREDIT_PENDING,"[""FOIR"", ""PAID_UP_CAPITAL_MIN""]",466419
1098,siddharthan.l,49130,INITIATED,"[""FOIR""]",466173
1099,siddharthan.l,49131,INITIATED,"[""FOIR""]",454441
1100,pranjusha.periyambra,49132,INITIATED,"[""FOIR""]",466596
1101,pranjusha.periyambra,49134,INITIATED,"[""PROPRIETORSHIP""]",4654
1102,shreyas.r,49153,CREDIT_PENDING,"[""FOIR""]",410683
1103,lakshmidevi.m,49197,INITIATED,"[""FOIR""]",101078
1104,aparajita.bariyar,49206,INITIATED,"[""LLP_AND_PARTNERSHIP""]",99301
1105,aparajita.bariyar,49207,INITIATED,"[""LLP_AND_PARTNERSHIP""]",447311
1106,aparajita.bariyar,49209,INITIATED,"[""PROPRIETORSHIP""]",464097
1107,lakshmidevi.m,49210,INITIATED,"[""FOIR""]",467048
1108,lakshmidevi.m,49218,INITIATED,"[""FOIR""]",4113
1109,lakshmidevi.m,49220,INITIATED,"[""PROPRIETORSHIP""]",77125
1110,lakshmidevi.m,49222,INITIATED,"[""FOIR""]",38691
1111,pranjusha.periyambra,49224,INITIATED,"[""PROPRIETORSHIP""]",68204
1112,pranjusha.periyambra,49226,INITIATED,"[""PROPRIETORSHIP""]",208892
1113,pranjusha.periyambra,49236,INITIATED,"[""FOIR""]",188653
1114,vineeth.s,49252,INITIATED,"[""FOIR""]",103046
1115,pranjusha.periyambra,49253,INITIATED,"[""FOIR""]",460842
1116,pranjusha.periyambra,49255,INITIATED,"[""MCA_NOT_FOUND""]",425394
1117,pranjusha.periyambra,49256,INITIATED,"[""MCA_NOT_FOUND""]",434408
1118,lakshmidevi.m,49259,INITIATED,"[""LLP_AND_PARTNERSHIP""]",467422
1119,lakshmidevi.m,49262,INITIATED,"[""FOIR""]",92605
1120,siddharthan.l,49265,INITIATED,"[""FOIR""]",50064
1121,siddharthan.l,49267,INITIATED,"[""FOIR""]",467553
1122,siddharthan.l,49270,INITIATED,"[""PROPRIETORSHIP""]",105455
1123,siddharthan.l,49273,INITIATED,"[""PROPRIETORSHIP""]",465276
1124,thirunaukkarasu.v,49281,CREDIT_PENDING,"[""FOIR""]",437738
1125,thirunaukkarasu.v,49285,CREDIT_PENDING,"[""FOIR""]",468275
1126,siddharthan.l,49286,INITIATED,"[""FOIR""]",134423
1127,aparajita.bariyar,49295,INITIATED,"[""FOIR""]",468383
1128,aparajita.bariyar,49300,INITIATED,"[""PROPRIETORSHIP""]",383033
1129,aparajita.bariyar,49301,INITIATED,"[""PROPRIETORSHIP""]",87529
1130,siddharthan.l,49340,INITIATED,"[""FOIR""]",450138
1131,siddharthan.l,49342,INITIATED,"[""MCA_NOT_FOUND""]",302905
1132,pranjusha.periyambra,49351,INITIATED,"[""FOIR""]",44845
1133,thirunaukkarasu.v,49360,CREDIT_PENDING,"[""FOIR""]",469199
1134,pranjusha.periyambra,49365,INITIATED,"[""FOIR""]",462240
1135,pranjusha.periyambra,49383,INITIATED,"[""MCA_NOT_FOUND""]",465561
1136,siddharthan.l,49389,INITIATED,"[""FOIR""]",126348
1137,siddharthan.l,49392,INITIATED,"[""FOIR""]",469596
1138,siddharthan.l,49393,INITIATED,"[""FOIR""]",119828
1139,siddharthan.l,49396,INITIATED,"[""PROPRIETORSHIP""]",457909
1140,siddharthan.l,49397,INITIATED,"[""PROPRIETORSHIP""]",340926
1141,pranjusha.periyambra,49405,INITIATED,"[""FOIR""]",111115
1142,pranjusha.periyambra,49406,INITIATED,"[""FOIR""]",463255
1143,pranjusha.periyambra,49407,INITIATED,"[""MCA_NOT_FOUND""]",383779
1144,pranjusha.periyambra,49425,INITIATED,"[""FOIR""]",459251
1145,pranjusha.periyambra,49427,INITIATED,"[""FOIR""]",468392
1146,pranjusha.periyambra,49428,INITIATED,"[""MCA_NOT_FOUND""]",88926
1147,pranjusha.periyambra,49430,INITIATED,"[""FOIR"", ""CIBIL_MIN""]",469809
1148,pranjusha.periyambra,49431,INITIATED,"[""FOIR""]",461462
1149,pranjusha.periyambra,49432,INITIATED,"[""MCA_NOT_FOUND""]",464646
1150,aparajita.bariyar,49435,INITIATED,"[""FOIR""]",67031
1151,aparajita.bariyar,49449,INITIATED,"[""MCA_NOT_FOUND""]",466536
1152,lakshmidevi.m,49450,INITIATED,"[""FOIR""]",238170
1153,pranjusha.periyambra,49453,INITIATED,"[""PROPRIETORSHIP""]",365919
1154,aparajita.bariyar,49454,INITIATED,"[""FOIR""]",470226
1155,prashanth.eswaramoorti,49456,INITIATED,"[""FOIR""]",467412
1156,aparajita.bariyar,49463,INITIATED,"[""FOIR""]",412472
1157,lakshmidevi.m,49485,INITIATED,"[""MCA_NOT_FOUND""]",99515
1158,lakshmidevi.m,49487,INITIATED,"[""LLP_AND_PARTNERSHIP""]",469914
1159,lakshmidevi.m,49533,INITIATED,"[""FOIR""]",53542
1160,pranjusha.periyambra,49535,INITIATED,"[""FOIR""]",471548
1161,lakshmidevi.m,49559,INITIATED,"[""FOIR""]",71700
1162,sumalatha.thadimari,49561,INITIATED,"[""FOIR""]",424847
1163,sumalatha.thadimari,49562,INITIATED,"[""FOIR"", ""CHEQUE_BOUNCES""]",60017
1164,sumalatha.thadimari,49563,INITIATED,"[""FOIR"", ""OVERDUES""]",458848
1165,pranjusha.periyambra,49564,INITIATED,"[""MCA_NOT_FOUND""]",261635
1166,sumalatha.thadimari,49565,INITIATED,"[""MCA_NOT_FOUND""]",450396
1167,sumalatha.thadimari,49566,INITIATED,"[""FOIR""]",66136
1168,aparajita.bariyar,49570,INITIATED,"[""FOIR""]",6512
1169,sumalatha.thadimari,49573,INITIATED,"[""FOIR""]",451229
1170,sumalatha.thadimari,49574,INITIATED,"[""FOIR""]",472323
1171,sumalatha.thadimari,49575,INITIATED,"[""FOIR""]",217304
1172,sumalatha.thadimari,49582,INITIATED,"[""FOIR""]",472463
1173,sumalatha.thadimari,49589,INITIATED,"[""FOIR""]",472302
1174,sumalatha.thadimari,49593,INITIATED,"[""FOIR""]",472499
1175,aparajita.bariyar,49607,INITIATED,"[""FOIR""]",472684
1176,sumalatha.thadimari,49609,INITIATED,"[""FOIR""]",472197
1177,prashanth.eswaramoorti,49669,INITIATED,"[""FOIR""]",473638
1178,shreyas.r,49682,CREDIT_PENDING,"[""FOIR""]",289962
1179,pranjusha.periyambra,49719,INITIATED,"[""FOIR""]",464663
1180,thirunaukkarasu.v,49721,CREDIT_PENDING,"[""FOIR""]",382180
1181,lakshmidevi.m,49738,INITIATED,"[""FOIR""]",474512
1182,lakshmidevi.m,49739,INITIATED,"[""FOIR""]",474586
1183,sumalatha.thadimari,49741,INITIATED,"[""FOIR"", ""MCA_STRIKE_OFF""]",473364
1184,prashanth.eswaramoorti,49756,INITIATED,"[""FOIR"", ""MULTIPLE_DEFAULTS""]",462332
1185,vineeth.s,49762,INITIATED,"[""FOIR""]",453308
1186,prashanth.eswaramoorti,49763,INITIATED,"[""FOIR""]",474322
1187,lakshmidevi.m,49764,INITIATED,"[""FOIR""]",14921
1188,vineeth.s,49765,INITIATED,"[""MCA_NOT_FOUND""]",202324
1189,pranjusha.periyambra,49766,INITIATED,"[""MCA_NOT_FOUND""]",474882
1190,sumalatha.thadimari,49767,INITIATED,"[""FOIR"", ""OVERDUES""]",465780
1191,siddharthan.l,49768,INITIATED,"[""FOIR""]",474666
1192,shreyas.r,49770,CREDIT_PENDING,"[""FOIR""]",475040
1193,lakshmidevi.m,49771,INITIATED,"[""FOIR""]",475028
1194,siddharthan.l,49775,INITIATED,"[""PROPRIETORSHIP""]",91780
1195,lakshmidevi.m,49778,INITIATED,"[""FOIR""]",474831
1196,chandrakala.nb,49799,CREDIT_PENDING,"[""FOIR""]",475285
1197,lakshmidevi.m,49805,INITIATED,"[""FOIR""]",26756
1198,aparajita.bariyar,49826,INITIATED,"[""PROPRIETORSHIP""]",451033
1199,pranjusha.periyambra,49852,INITIATED,"[""FOIR""]",475501
1200,sumalatha.thadimari,49853,INITIATED,"[""FOIR""]",475597
1201,sumalatha.thadimari,49865,INITIATED,"[""FOIR""]",45313
1202,avijit.mohanty,49897,CREDIT_PENDING,"[""FOIR""]",83779
1203,siddharthan.l,49898,INITIATED,"[""FOIR""]",476164
1204,siddharthan.l,49899,INITIATED,"[""PROPRIETORSHIP""]",48728
1205,lakshmidevi.m,49900,INITIATED,"[""FOIR""]",387289
1206,siddharthan.l,49911,INITIATED,"[""FOIR""]",445792
1207,siddharthan.l,49914,INITIATED,"[""PROPRIETORSHIP""]",152907
1208,siddharthan.l,49915,INITIATED,"[""FOIR""]",21417
1209,sumalatha.thadimari,49950,INITIATED,"[""FOIR"", ""OVERDUES""]",455815
1210,sumalatha.thadimari,49953,INITIATED,"[""FOIR""]",455197
1211,aparajita.bariyar,49954,INITIATED,"[""LLP_AND_PARTNERSHIP""]",470821
1212,preetham.shetty,49958,INITIATED,"[""FOIR""]",377925
1213,pranjusha.periyambra,49980,INITIATED,"[""MCA_NOT_FOUND""]",473560
1214,siddharthan.l,49999,INITIATED,"[""FOIR""]",450995
1215,siddharthan.l,50000,INITIATED,"[""FOIR""]",31761
1216,siddharthan.l,50001,INITIATED,"[""FOIR""]",240018
1217,siddharthan.l,50002,INITIATED,"[""FOIR""]",475433
1218,siddharthan.l,50004,INITIATED,"[""FOIR""]",477470
1219,preetham.shetty,50005,INITIATED,"[""FOIR""]",15641
1220,siddharthan.l,50006,INITIATED,"[""FOIR""]",438007
1221,siddharthan.l,50008,INITIATED,"[""FOIR""]",475207
1222,siddharthan.l,50009,INITIATED,"[""FOIR""]",477619
1223,avijit.mohanty,50020,CREDIT_PENDING,"[""FOIR""]",264201
1224,preetham.shetty,50032,INITIATED,"[""FOIR""]",477945
1225,preetham.shetty,50035,INITIATED,"[""FOIR""]",29996
1226,preetham.shetty,50036,INITIATED,"[""FOIR""]",478040
1227,aparajita.bariyar,50037,INITIATED,"[""FOIR""]",182263
1228,siddharthan.l,50075,INITIATED,"[""FOIR""]",355714
1229,siddharthan.l,50076,INITIATED,"[""FOIR""]",253818
1230,vineeth.s,50082,INITIATED,"[""MCA_NOT_FOUND""]",475376
1231,sumalatha.thadimari,50108,INITIATED,"[""MCA_NOT_FOUND""]",445557
1232,sumalatha.thadimari,50109,INITIATED,"[""FOIR""]",404562
1233,siddharthan.l,50124,INITIATED,"[""FOIR""]",266912
1234,vineeth.s,50130,INITIATED,"[""FOIR""]",478665
1235,prashanth.eswaramoorti,50134,INITIATED,"[""FOIR""]",473821
1236,preetham.shetty,50140,INITIATED,"[""FOIR""]",330561
1237,anurag.prateek,50143,CREDIT_PENDING,"[""FOIR"", ""OTHER""]",241893
1238,lakshmidevi.m,50173,INITIATED,"[""LLP_AND_PARTNERSHIP""]",104911
1239,lakshmidevi.m,50179,INITIATED,"[""MCA_NOT_FOUND""]",466005
1240,lakshmidevi.m,50182,INITIATED,"[""FOIR""]",442940
1241,anurag.prateek,50189,CREDIT_PENDING,"[""FOIR"", ""OVERDUES""]",465749
1242,aparajita.bariyar,50191,INITIATED,"[""FOIR""]",477793
1243,anurag.prateek,50208,CREDIT_PENDING,"[""FOIR""]",235010
1244,aparajita.bariyar,50211,INITIATED,"[""FOIR""]",478846
1245,siddharthan.l,50221,INITIATED,"[""FOIR""]",479217
1246,siddharthan.l,50227,INITIATED,"[""FOIR""]",105761
1247,siddharthan.l,50228,INITIATED,"[""PROPRIETORSHIP""]",320115
1248,siddharthan.l,50229,INITIATED,"[""FOIR""]",476915
1249,siddharthan.l,50233,INITIATED,"[""FOIR""]",478309
1250,siddharthan.l,50234,INITIATED,"[""PROPRIETORSHIP""]",85118
1251,siddharthan.l,50235,INITIATED,"[""FOIR""]",107170
1252,anurag.prateek,50253,CREDIT_PENDING,"[""FOIR""]",130400
1253,preetham.shetty,50259,INITIATED,"[""FOIR""]",127073
1254,vineeth.s,50266,INITIATED,"[""FOIR""]",475019
1255,vineeth.s,50267,INITIATED,"[""MCA_NOT_FOUND""]",480050
1256,vineeth.s,50268,INITIATED,"[""FOIR""]",473496
1257,vineeth.s,50271,INITIATED,"[""FOIR""]",480259
1258,vineeth.s,50272,INITIATED,"[""FOIR""]",466097
1259,lakshmidevi.m,50274,INITIATED,"[""FOIR""]",476371
1260,preetham.shetty,50301,INITIATED,"[""FOIR""]",26217
1261,aparajita.bariyar,50302,INITIATED,"[""FOIR""]",439460
1262,aparajita.bariyar,50306,INITIATED,"[""FOIR""]",480269
1263,aparajita.bariyar,50307,INITIATED,"[""FOIR""]",460065
1264,aparajita.bariyar,50309,INITIATED,"[""FOIR""]",470093
1265,priyanka.jain,50310,INITIATED,"[""FOIR""]",469198
1266,siddharthan.l,50312,INITIATED,"[""FOIR""]",292131
1267,siddharthan.l,50313,INITIATED,"[""FOIR""]",480743
1268,siddharthan.l,50318,INITIATED,"[""FOIR""]",480820
1269,vineeth.s,50341,INITIATED,"[""FOIR"", ""WRITTEN_OFFS""]",480986
1270,vineeth.s,50348,INITIATED,"[""FOIR""]",481091
1271,thirunaukkarasu.v,50359,CREDIT_PENDING,"[""FOIR""]",481153
1272,preetham.shetty,50384,INITIATED,"[""FOIR""]",352347
1273,preetham.shetty,50386,INITIATED,"[""FOIR""]",67603
1274,lakshmidevi.m,50387,INITIATED,"[""FOIR""]",481274
1275,preetham.shetty,50389,INITIATED,"[""FOIR""]",481508
1276,prashanth.eswaramoorti,50401,INITIATED,"[""FOIR""]",339014
1277,prashanth.eswaramoorti,50402,INITIATED,"[""FOIR""]",481625
1278,preetham.shetty,50408,INITIATED,"[""FOIR""]",468737
1279,preetham.shetty,50409,INITIATED,"[""FOIR""]",477565
1280,preetham.shetty,50418,INITIATED,"[""FOIR""]",479362
1281,prashanth.eswaramoorti,50419,INITIATED,"[""PROPRIETORSHIP""]",93290
1282,prashanth.eswaramoorti,50428,INITIATED,"[""PROPRIETORSHIP""]",480920
1283,lakshmidevi.m,50433,INITIATED,"[""FOIR""]",147699
1284,lakshmidevi.m,50434,INITIATED,"[""FOIR""]",149103
1285,lakshmidevi.m,50435,INITIATED,"[""FOIR""]",480284
1286,lakshmidevi.m,50436,INITIATED,"[""MCA_NOT_FOUND""]",481772
1287,siddharthan.l,50442,INITIATED,"[""FOIR""]",937
1288,aparajita.bariyar,50458,INITIATED,"[""FOIR""]",476810
1289,siddharthan.l,50472,INITIATED,"[""FOIR""]",482329
1290,pranjusha.periyambra,50483,INITIATED,"[""FOIR""]",219669
1291,thirunaukkarasu.v,50486,CREDIT_PENDING,"[""FOIR""]",482433
1292,sumalatha.thadimari,50491,INITIATED,"[""FOIR""]",415896
1293,sumalatha.thadimari,50492,INITIATED,"[""FOIR"", ""CIBIL_MIN"", ""OVERDUES""]",480093
1294,sumalatha.thadimari,50493,INITIATED,"[""FOIR""]",480124
1295,sumalatha.thadimari,50494,INITIATED,"[""FOIR""]",480701
1296,sumalatha.thadimari,50505,INITIATED,"[""FOIR""]",105086
1297,sumalatha.thadimari,50506,INITIATED,"[""FOIR""]",400121
1298,sumalatha.thadimari,50507,INITIATED,"[""FOIR""]",476060
1299,sumalatha.thadimari,50508,INITIATED,"[""FOIR""]",482801
1300,sumalatha.thadimari,50510,INITIATED,"[""FOIR""]",482862
1301,siddharthan.l,50522,INITIATED,"[""FOIR""]",178465
1302,sumalatha.thadimari,50532,INITIATED,"[""FOIR""]",32734
1303,avijit.mohanty,50547,CREDIT_PENDING,"[""FOIR""]",483387
1304,sumalatha.thadimari,50554,INITIATED,"[""MCA_NOT_FOUND""]",483444
1305,avijit.mohanty,50559,CREDIT_PENDING,"[""FOIR""]",482598
1306,pranjusha.periyambra,50564,INITIATED,"[""FOIR""]",477119
1307,pranjusha.periyambra,50566,INITIATED,"[""MCA_NOT_FOUND""]",481983
1308,namra.ruknuddin,50602,CREDIT_PENDING,"[""FOIR""]",483829
1309,sumalatha.thadimari,50632,INITIATED,"[""MCA_NOT_FOUND""]",345565
1310,sumalatha.thadimari,50633,INITIATED,"[""FOIR""]",474757
1311,siddharthan.l,50634,INITIATED,"[""FOIR""]",484254
1312,preetham.shetty,50645,INITIATED,"[""FOIR""]",462723
1313,siddharthan.l,50652,INITIATED,"[""FOIR""]",484239
1314,priyanka.jain,50653,INITIATED,"[""MCA_NOT_FOUND""]",483540
1315,vineeth.s,50654,INITIATED,"[""FOIR""]",484701
1316,siddharthan.l,50655,INITIATED,"[""FOIR""]",319280
1317,siddharthan.l,50657,INITIATED,"[""FOIR""]",321758
1318,preetham.shetty,50661,INITIATED,"[""FOIR""]",475271
1319,priyanka.jain,50667,INITIATED,"[""FOIR""]",484626
1320,sumalatha.thadimari,50681,INITIATED,"[""FOIR""]",478139
1321,lakshmidevi.m,50700,INITIATED,"[""MCA_NOT_FOUND""]",152994
1322,sumalatha.thadimari,50732,INITIATED,"[""FOIR""]",12372
1323,pranjusha.periyambra,50734,INITIATED,"[""FOIR""]",480744
1324,pranjusha.periyambra,50736,INITIATED,"[""FOIR""]",471936
1325,pranjusha.periyambra,50743,INITIATED,"[""MCA_NOT_FOUND""]",448156
1326,pranjusha.periyambra,50744,INITIATED,"[""FOIR""]",485394
1327,sumalatha.thadimari,50767,INITIATED,"[""FOIR""]",485828
1328,siddharthan.l,50797,INITIATED,"[""FOIR""]",418862
1329,siddharthan.l,50798,INITIATED,"[""FOIR""]",455715
1330,vineeth.s,50808,INITIATED,"[""MCA_NOT_FOUND""]",343476
1331,vineeth.s,50809,INITIATED,"[""MCA_NOT_FOUND""]",463968
1332,vineeth.s,50810,INITIATED,"[""MCA_NOT_FOUND""]",478384
1333,vineeth.s,50811,INITIATED,"[""MCA_NOT_FOUND""]",486473
1334,sumalatha.thadimari,50813,INITIATED,"[""FOIR""]",352065
1335,vineeth.s,50814,INITIATED,"[""FOIR""]",483060
1336,vineeth.s,50819,INITIATED,"[""MCA_NOT_FOUND""]",215264
1337,priyanka.jain,50822,INITIATED,"[""MCA_NOT_FOUND""]",448953
1338,lakshmidevi.m,50824,INITIATED,"[""FOIR""]",485487
1339,lakshmidevi.m,50825,INITIATED,"[""FOIR""]",485094
1340,lakshmidevi.m,50827,INITIATED,"[""FOIR""]",86224
1341,aparajita.bariyar,50829,INITIATED,"[""FOIR""]",486008
1342,aparajita.bariyar,50830,INITIATED,"[""FOIR"", ""OVERDUES"", ""CHEQUE_BOUNCES""]",486526
1343,lakshmidevi.m,50840,INITIATED,"[""FOIR""]",485799
1344,lakshmidevi.m,50841,INITIATED,"[""MCA_NOT_FOUND""]",486114
1345,lakshmidevi.m,50842,INITIATED,"[""PROPRIETORSHIP"", ""MCA_NOT_FOUND""]",486057
1346,preetham.shetty,50850,INITIATED,"[""LLP_AND_PARTNERSHIP""]",187234
1347,avijit.mohanty,50909,CREDIT_PENDING,"[""FOIR""]",475566
1348,siddharthan.l,50913,INITIATED,"[""FOIR""]",93271
1349,sumalatha.thadimari,50916,INITIATED,"[""FOIR""]",337890
1350,siddharthan.l,50924,INITIATED,"[""FOIR""]",487642
1351,siddharthan.l,50929,INITIATED,"[""FOIR""]",113884
1352,siddharthan.l,50930,INITIATED,"[""PROPRIETORSHIP""]",168627
1353,jeswin.george,50932,CREDIT_PENDING,"[""FOIR""]",487663
1354,vineeth.s,50933,INITIATED,"[""MCA_NOT_FOUND""]",485748
1355,vineeth.s,50934,INITIATED,"[""MCA_NOT_FOUND""]",336571
1356,preetham.shetty,50935,INITIATED,"[""FOIR""]",102228
1357,preetham.shetty,50939,INITIATED,"[""FOIR""]",470513
1358,thirunaukkarasu.v,50940,CREDIT_PENDING,"[""FOIR""]",116403
1359,preetham.shetty,50942,INITIATED,"[""FOIR""]",488020
1360,priyanka.jain,50956,INITIATED,"[""FOIR""]",486245
1361,preetham.shetty,50968,INITIATED,"[""MCA_NOT_FOUND""]",488224
1362,preetham.shetty,50970,INITIATED,"[""FOIR""]",488270
1363,preetham.shetty,50984,INITIATED,"[""FOIR""]",378986
1364,sumalatha.thadimari,50994,INITIATED,"[""FOIR"", ""CIBIL_MIN"", ""OVERDUES""]",488347
1365,sumalatha.thadimari,50996,INITIATED,"[""FOIR""]",339103
1366,sumalatha.thadimari,50998,INITIATED,"[""MCA_NOT_FOUND""]",488617
1367,sumalatha.thadimari,50999,INITIATED,"[""MCA_NOT_FOUND""]",264733
1368,vineeth.s,51012,INITIATED,"[""MCA_NOT_FOUND""]",482044
1369,vineeth.s,51013,INITIATED,"[""FOIR""]",167376
1370,avijit.mohanty,51018,CREDIT_PENDING,"[""FOIR""]",486193
1371,vineeth.s,51020,INITIATED,"[""FOIR""]",1953
1372,vineeth.s,51021,INITIATED,"[""MCA_NOT_FOUND""]",478260
1373,vineeth.s,51025,INITIATED,"[""MCA_NOT_FOUND""]",489079
1374,preetham.shetty,51030,INITIATED,"[""FOIR""]",489104
1375,preetham.shetty,51032,INITIATED,"[""FOIR""]",205585
1376,lakshmidevi.m,51033,INITIATED,"[""FOIR""]",484885
1377,vineeth.s,51045,INITIATED,"[""MCA_NOT_FOUND""]",487582
1378,priyanka.jain,51050,INITIATED,"[""PROPRIETORSHIP""]",470655
1379,sumalatha.thadimari,51092,INITIATED,"[""FOIR""]",489587
1380,priyanka.jain,51110,INITIATED,"[""FOIR""]",486137
1381,priyanka.jain,51113,INITIATED,"[""SELF_EMPLOYED"", ""MCA_NOT_FOUND""]",490384
1382,priyanka.jain,51121,INITIATED,"[""PROPRIETORSHIP""]",442547
1383,priyanka.jain,51125,INITIATED,"[""MCA_NOT_FOUND""]",467906
1384,sumalatha.thadimari,51136,INITIATED,"[""FOIR""]",490653
1385,sumalatha.thadimari,51137,INITIATED,"[""FOIR"", ""CIBIL_MIN"", ""OVERDUES""]",490125
1386,sumalatha.thadimari,51139,INITIATED,"[""FOIR""]",155746
1387,sumalatha.thadimari,51141,INITIATED,"[""FOIR""]",490764
1388,sumalatha.thadimari,51144,INITIATED,"[""FOIR"", ""CIBIL_MIN"", ""OVERDUES""]",487114
1389,prashanth.eswaramoorti,51161,INITIATED,"[""FOIR""]",488468
1390,prashanth.eswaramoorti,51162,INITIATED,"[""PROPRIETORSHIP""]",480148
1391,prashanth.eswaramoorti,51166,INITIATED,"[""PROPRIETORSHIP""]",489653
1392,lakshmidevi.m,51182,INITIATED,"[""MCA_NOT_FOUND"", ""OTHER""]",476018
1393,sumalatha.thadimari,51193,INITIATED,"[""FOIR""]",310840
1394,lakshmidevi.m,51194,INITIATED,"[""FOIR""]",491497
1395,lakshmidevi.m,51197,INITIATED,"[""FOIR""]",49326
1396,lakshmidevi.m,51199,INITIATED,"[""FOIR""]",133335
1397,lakshmidevi.m,51203,INITIATED,"[""MCA_NOT_FOUND""]",376487
1398,lakshmidevi.m,51217,INITIATED,"[""MCA_NOT_FOUND""]",488610
1399,lakshmidevi.m,51219,INITIATED,"[""FOIR""]",492210
1400,preetham.shetty,51222,INITIATED,"[""FOIR""]",492251
1401,lakshmidevi.m,51226,INITIATED,"[""FOIR""]",128955
1402,lakshmidevi.m,51236,INITIATED,"[""PROPRIETORSHIP""]",369908
1403,lakshmidevi.m,51237,INITIATED,"[""FOIR""]",488455
1404,lakshmidevi.m,51240,INITIATED,"[""MCA_NOT_FOUND""]",492463
1405,sumalatha.thadimari,51243,INITIATED,"[""FOIR""]",481405
1406,lakshmidevi.m,51245,INITIATED,"[""FOIR""]",415159
1407,siddharthan.l,51247,INITIATED,"[""FOIR""]",490675
1408,sumalatha.thadimari,51248,INITIATED,"[""FOIR""]",399636
1409,chandrakala.nb,51259,INITIATED,"[""MCA_NOT_FOUND""]",481833
1410,chandrakala.nb,51267,CREDIT_PENDING,"[""FOIR""]",488659
1411,sumalatha.thadimari,51268,INITIATED,"[""FOIR""]",267950
1412,sumalatha.thadimari,51290,INITIATED,"[""FOIR"", ""UNSUPPORTED_AREA""]",483946
1413,sumalatha.thadimari,51291,INITIATED,"[""MCA_NOT_FOUND"", ""CHEQUE_BOUNCES""]",491182
1414,sumalatha.thadimari,51293,INITIATED,"[""FOIR"", ""OVERDUES""]",493117
1415,sumalatha.thadimari,51297,INITIATED,"[""FOIR""]",85139
1416,sumalatha.thadimari,51301,INITIATED,"[""FOIR""]",425915
1417,lakshmidevi.m,51302,INITIATED,"[""FOIR""]",491024
1418,vineeth.s,51303,INITIATED,"[""MCA_NOT_FOUND""]",492877
1419,vineeth.s,51304,INITIATED,"[""MCA_NOT_FOUND""]",480557
1420,vineeth.s,51320,INITIATED,"[""MCA_NOT_FOUND""]",494097
1421,vineeth.s,51321,INITIATED,"[""MCA_NOT_FOUND""]",122261
1422,vineeth.s,51331,INITIATED,"[""FOIR""]",390522
1423,vineeth.s,51338,INITIATED,"[""FOIR""]",380422
1424,prashanth.eswaramoorti,51358,INITIATED,"[""FOIR""]",493607
1425,prashanth.eswaramoorti,51361,INITIATED,"[""FOIR""]",494837
1426,lakshmidevi.m,51362,INITIATED,"[""FOIR""]",466283
1427,sumalatha.thadimari,51367,INITIATED,"[""FOIR""]",158202
1428,preetham.shetty,51372,INITIATED,"[""FOIR""]",495026
1429,priyanka.jain,51373,INITIATED,"[""FOIR""]",99224
1430,siddharthan.l,51389,INITIATED,"[""FOIR""]",495157
1431,preetham.shetty,51392,INITIATED,"[""FOIR""]",301776
1432,sumalatha.thadimari,51400,INITIATED,"[""FOIR""]",491462
1433,siddharthan.l,51402,INITIATED,"[""FOIR""]",292156
1434,siddharthan.l,51407,INITIATED,"[""FOIR""]",492040
1435,thirunaukkarasu.v,51417,CREDIT_PENDING,"[""FOIR""]",495387
1436,preetham.shetty,51426,INITIATED,"[""MCA_NOT_FOUND""]",495269
1437,thirunaukkarasu.v,51450,CREDIT_PENDING,"[""FOIR""]",466781
1438,preetham.shetty,51452,INITIATED,"[""FOIR""]",490514
1439,prashanth.eswaramoorti,51478,INITIATED,"[""FOIR"", ""CIBIL_MIN""]",21901
1440,lakshmidevi.m,51479,INITIATED,"[""MCA_NOT_FOUND""]",493854
1441,aparajita.bariyar,51488,INITIATED,"[""FOIR""]",489399
1442,sumalatha.thadimari,51497,INITIATED,"[""FOIR""]",488160
1443,siddharthan.l,51498,INITIATED,"[""PROPRIETORSHIP""]",166628
1444,prashanth.eswaramoorti,51502,INITIATED,"[""PROPRIETORSHIP""]",129156
1445,aparajita.bariyar,51504,INITIATED,"[""SALARY_MODE"", ""PROPRIETORSHIP""]",297418
1446,preetham.shetty,51516,INITIATED,"[""FOIR""]",283399
1447,lakshmidevi.m,51543,INITIATED,"[""FOIR"", ""CHEQUE_BOUNCES""]",492107
1448,aparajita.bariyar,51544,INITIATED,"[""LLP_AND_PARTNERSHIP""]",496339
1449,priyanka.jain,51549,INITIATED,"[""MCA_NOT_FOUND""]",480892
1450,lakshmidevi.m,51575,INITIATED,"[""FOIR""]",496658
1451,sumalatha.thadimari,51576,INITIATED,"[""MCA_NOT_FOUND""]",379318
1452,prashanth.eswaramoorti,51582,INITIATED,"[""FOIR""]",496742
1453,vineeth.s,51611,INITIATED,"[""MCA_NOT_FOUND""]",488719
1454,chandrakala.nb,51616,CREDIT_PENDING,"[""MCA_NOT_FOUND""]",497287
1455,sumalatha.thadimari,51617,INITIATED,"[""OVERDUES"", ""MCA_NOT_FOUND""]",494886
1456,vineeth.s,51619,INITIATED,"[""MCA_NOT_FOUND""]",497410
1457,preetham.shetty,51629,INITIATED,"[""FOIR"", ""MCA_NOT_FOUND""]",462546
1458,sumalatha.thadimari,51654,INITIATED,"[""FOIR"", ""CIBIL_MIN"", ""OVERDUES""]",498098
1459,preetham.shetty,51657,INITIATED,"[""MCA_NOT_FOUND""]",92132
1460,sumalatha.thadimari,51675,INITIATED,"[""MCA_NOT_FOUND""]",496609
1461,siddharthan.l,51683,INITIATED,"[""PROPRIETORSHIP""]",498206
